date,campaign,ad_group,impressions,clicks,conversions,cost_usd,ctr,cpc,cvr,cost_imputed,cost_refunded,is_cost_outlier
2026-07-31,NonBrand_Prospecting,Prospecting_Generic,18665,506,15,559.72,0.02710956335387088,1.1061660079051383,0.029644268774703556,False,False,False
2026-07-02,NonBrand_Prospecting,Prospecting_Competitor,18908,282,1,410.21,0.014914321980114238,1.454645390070922,0.0035460992907801418,False,False,False
2026-07-05,NonBrand_Prospecting,Prospecting_Competitor,0,178,5,281.71,0.0,1.582640449438202,0.028089887640449437,False,False,False
2026-08-19,Remarketing_Dynamic,Remarketing_Purchasers,18430,566,21,569.26,0.030710797612588173,1.0057597173144877,0.037102473498233215,False,False,False
2026-09-10,NonBrand_Prospecting,Prospecting_Generic,10219,315,10,377.86,0.030824933946570113,1.1995555555555557,0.031746031746031744,False,False,False
2026-07-22,Brand_Search,Brand_Expanded,16564,599,24,451.35,0.036162762617725185,0.7535058430717864,0.04006677796327212,False,False,False
2026-07-31,NonBrand_Prospecting,Prospecting_Competitor,10223,140,3,218.26,0.01369461019270273,1.559,0.02142857142857143,False,False,False
2026-07-20,NonBrand_Prospecting,Prospecting_Competitor,10456,114,2,183.84,0.01090283091048202,1.6126315789473684,0.017543859649122806,False,False,False
2026-08-30,Legacy_Display,Display_Legacy_Placements,40525,324,0,745.2,0.007995064774830352,2.3000000000000003,0.0,False,False,False
2026-08-27,Brand_Search,Brand_Expanded,9967,396,21,177.38,0.039731112671817,0.4479292929292929,0.05303030303030303,False,False,False
2026-07-23,NonBrand_Prospecting,Prospecting_Competitor,18338,342,3,500.4,0.01864979823317701,1.463157894736842,0.008771929824561403,False,False,False
2026-08-24,NonBrand_Prospecting,Prospecting_Generic,5156,104,5,110.3,0.02017067494181536,1.060576923076923,0.04807692307692308,False,False,False
2026-08-01,NonBrand_Prospecting,Prospecting_Competitor,0,228,3,386.7,0.0,1.6960526315789473,0.013157894736842105,False,False,False
2026-09-29,Remarketing_Dynamic,Remarketing_Purchasers,17323,535,30,448.05,0.03088379610921896,0.8374766355140187,0.056074766355140186,False,False,False
2026-09-29,Remarketing_Dynamic,Remarketing_All_Visitors,22370,603,20,571.03,0.026955744300402325,0.9469817578772802,0.03316749585406302,False,False,False
2026-07-24,Legacy_Display,Display_Legacy_Placements,30802,246,1,565.8,0.007986494383481592,2.3,0.0040650406504065045,False,False,False
2026-08-25,NonBrand_Prospecting,Prospecting_Competitor,6710,82,0,134.76,0.012220566318926976,1.6434146341463414,0.0,False,False,False
2026-07-16,Remarketing_Dynamic,Remarketing_Purchasers,32298,833,36,839.98,0.025791070654529694,1.0083793517406963,0.04321728691476591,False,False,False
2026-08-17,NonBrand_Prospecting,Prospecting_Competitor,9467,93,2,149.68,0.009823597760642231,1.609462365591398,0.021505376344086023,False,False,False
2026-09-14,NonBrand_Prospecting,Prospecting_Competitor,21952,258,2,430.28,0.011752915451895043,1.667751937984496,0.007751937984496124,False,False,False
2026-07-01,Remarketing_Dynamic,Remarketing_Cart_Abandon,37120,1130,65,1145.32,0.030441810344827586,1.0135575221238937,0.05752212389380531,False,False,False
2026-07-24,Remarketing_Dynamic,Remarketing_All_Visitors,26737,594,22,570.83,0.022216404233833264,0.9609932659932661,0.037037037037037035,False,False,False
2026-08-31,Legacy_Display,Display_Legacy_Placements,41170,329,1,756.7,0.007991255768763663,2.3000000000000003,0.00303951367781155,False,False,False
2026-07-08,Legacy_Display,Display_Legacy_Placements,36227,289,0,664.7,0.007977475363679024,2.3000000000000003,0.0,False,False,False
2026-09-05,Legacy_Display,Display_Legacy_Placements,28383,227,2,522.1,0.00799774512912659,2.3000000000000003,0.00881057268722467,False,False,False
2026-07-19,Legacy_Display,Display_Legacy_Placements,23236,185,0,425.5,0.007961783439490446,2.3,0.0,False,False,False
2026-07-03,Remarketing_Dynamic,Remarketing_Purchasers,4228,179,10,179.29,0.0423368022705771,1.0016201117318435,0.055865921787709494,False,False,False
2026-09-08,Brand_Search,Brand_Core,31957,1352,69,853.38,0.042306849829458336,0.631198224852071,0.05103550295857988,False,False,False
2026-08-01,Remarketing_Dynamic,Remarketing_All_Visitors,37793,966,25,643.13,0.02556028894239674,0.6657660455486543,0.025879917184265012,False,False,False
2026-09-29,NonBrand_Prospecting,Prospecting_Generic,10971,172,5,176.74,0.015677695743323308,1.0275581395348838,0.029069767441860465,False,False,False
2026-07-15,Brand_Search,Brand_Expanded,27973,1017,33,627.32,0.03635648661209023,0.6168338249754179,0.032448377581120944,False,False,False
2026-07-08,NonBrand_Prospecting,Prospecting_Generic,39754,829,19,903.1,0.020853247471952507,1.0893848009650182,0.022919179734620022,False,False,False
2026-09-20,NonBrand_Prospecting,Prospecting_Generic,30648,883,22,1011.03,0.028811015400678673,1.1449943374858438,0.02491506228765572,False,False,False
2026-08-17,Legacy_Display,Display_Legacy_Placements,26594,212,1,487.6,0.007971722945025194,2.3000000000000003,0.0047169811320754715,False,False,False
2026-09-07,Remarketing_Dynamic,Remarketing_Cart_Abandon,22029,722,39,797.57,0.03277497843751419,1.104667590027701,0.054016620498614956,False,False,False
2026-08-12,Remarketing_Dynamic,Remarketing_Cart_Abandon,9278,230,13,213.32,0.024789825393403752,0.9274782608695652,0.05652173913043478,False,False,False
2026-08-04,NonBrand_Prospecting,Prospecting_Competitor,24300,339,3,592.51,0.013950617283950617,1.7478171091445427,0.008849557522123894,False,False,False
2026-07-05,Remarketing_Dynamic,Remarketing_All_Visitors,31413,817,22,852.57,0.026008340495973004,1.0435373317013465,0.02692778457772338,False,False,False
2026-07-09,Remarketing_Dynamic,Remarketing_All_Visitors,35000,1052,39,660.71,0.03005714285714286,0.6280513307984791,0.0370722433460076,False,False,False
2026-09-02,Remarketing_Dynamic,Remarketing_Purchasers,34690,1017,51,805.27,0.029316805995964253,0.7918092428711898,0.05014749262536873,False,False,False
2026-07-31,Brand_Search,Brand_Expanded,27043,878,22,427.01,0.0324668121140406,0.48634396355353077,0.025056947608200455,False,False,False
2026-08-02,Remarketing_Dynamic,Remarketing_Purchasers,18622,633,33,669.67,0.03399205241112663,1.0579304897314374,0.052132701421800945,False,False,False
2026-09-30,Brand_Search,Brand_Expanded,22641,777,31,573.59,0.034318272161123625,0.7382110682110683,0.039897039897039896,False,False,False
2026-07-21,Remarketing_Dynamic,Remarketing_Cart_Abandon,10187,316,25,391.46,0.03101992735839796,1.2387974683544303,0.07911392405063292,False,False,False
2026-09-21,Remarketing_Dynamic,Remarketing_Purchasers,8755,245,13,221.07,0.027984009137635636,0.9023265306122449,0.053061224489795916,False,False,False
2026-07-10,Remarketing_Dynamic,Remarketing_All_Visitors,16506,528,15,401.17,0.03198836786623046,0.7597916666666666,0.028409090909090908,False,False,False
2026-09-28,Remarketing_Dynamic,Remarketing_All_Visitors,5375,140,8,139.71,0.026046511627906978,0.9979285714285715,0.05714285714285714,False,False,False
2026-08-15,Remarketing_Dynamic,Remarketing_All_Visitors,19690,633,14,483.27,0.032148298628745554,0.7634597156398104,0.022116903633491312,False,False,False
2026-09-19,NonBrand_Prospecting,Prospecting_Competitor,20348,308,4,498.13,0.015136622763908,1.6173051948051949,0.012987012987012988,False,False,False
2026-08-15,Remarketing_Dynamic,Remarketing_Purchasers,22772,748,31,719.08,0.032847356402599684,0.961336898395722,0.04144385026737968,False,False,False
2026-08-13,NonBrand_Prospecting,Prospecting_Competitor,11272,196,0,290.85,0.01738821859474805,1.4839285714285715,0.0,False,False,False
2026-07-16,Remarketing_Dynamic,Remarketing_All_Visitors,36024,1182,40,1190.43,0.032811459027315124,1.0071319796954314,0.0338409475465313,False,False,False
2026-07-02,Brand_Search,Brand_Expanded,28891,0,33,783.1,0.0,,,False,False,False
2026-08-19,Brand_Search,Brand_Core,7038,286,13,156.46,0.04063654447286161,0.5470629370629371,0.045454545454545456,False,False,False
2026-09-30,NonBrand_Prospecting,Prospecting_Generic,9282,234,7,253.99,0.025210084033613446,1.0854273504273504,0.029914529914529916,False,False,False
2026-09-24,Remarketing_Dynamic,Remarketing_Cart_Abandon,11978,342,18,370.4,0.02855234596760728,1.0830409356725146,0.05263157894736842,False,False,False
2026-08-19,NonBrand_Prospecting,Prospecting_Generic,15182,289,5,299.74,0.019035700171255433,1.0371626297577854,0.01730103806228374,False,False,False
2026-09-12,Remarketing_Dynamic,Remarketing_Cart_Abandon,4380,156,8,142.46,0.03561643835616438,0.9132051282051282,0.05128205128205128,False,False,False
2026-07-16,NonBrand_Prospecting,Prospecting_Competitor,27363,340,4,565.77,0.012425538135438365,1.6640294117647059,0.011764705882352941,False,False,False
2026-08-05,Remarketing_Dynamic,Remarketing_Cart_Abandon,31294,1065,64,977.52,0.03403208282737905,0.9178591549295775,0.06009389671361502,False,False,False
2026-09-27,Remarketing_Dynamic,Remarketing_Purchasers,28625,824,45,861.81,0.028786026200873362,1.045885922330097,0.05461165048543689,False,False,False
2026-07-25,Remarketing_Dynamic,Remarketing_All_Visitors,13947,424,17,261.73,0.030400803040080304,0.6172877358490566,0.04009433962264151,False,False,False
2026-07-02,Remarketing_Dynamic,Remarketing_Purchasers,19318,574,25,519.96,0.029713220830313698,0.9058536585365854,0.04355400696864112,False,False,False
2026-07-24,NonBrand_Prospecting,Prospecting_Competitor,19553,408,6,673.47,0.020866363217920524,1.6506617647058823,0.014705882352941176,False,True,False
2026-08-09,Brand_Search,Brand_Core,31564,1372,80,1023.71,0.04346724116081612,0.7461443148688047,0.05830903790087463,False,False,False
2026-09-25,Brand_Search,Brand_Core,27757,1217,65,754.27,0.04384479590733869,0.6197781429745275,0.05341002465078061,False,False,False
2026-08-16,Brand_Search,Brand_Core,29762,1366,71,1163.49,0.04589745312814999,0.8517496339677891,0.05197657393850659,False,False,False
2026-09-27,Brand_Search,Brand_Core,19604,766,34,391.57,0.03907365843705366,0.5111879895561358,0.044386422976501305,False,False,False
2026-07-06,Legacy_Display,Display_Legacy_Placements,32427,259,0,595.7,0.007987171184506738,2.3000000000000003,0.0,False,False,False
2026-09-19,Brand_Search,Brand_Expanded,20687,612,24,311.7,0.029583796587228695,0.509313725490196,0.0392156862745098,False,False,False
2026-07-21,NonBrand_Prospecting,Prospecting_Generic,4449,105,2,130.67,0.023600809170600135,1.2444761904761903,0.01904761904761905,False,False,False
2026-07-14,Remarketing_Dynamic,Remarketing_All_Visitors,25022,775,32,709.24,0.03097274398529294,0.9151483870967742,0.04129032258064516,False,False,False
2026-07-18,NonBrand_Prospecting,Prospecting_Generic,3859,97,2,113.27,0.025136045607670382,1.1677319587628865,0.020618556701030927,False,False,False
2026-08-11,NonBrand_Prospecting,Prospecting_Competitor,4700,49,0,67.84,0.010425531914893617,1.3844897959183675,0.0,False,False,False
2026-08-23,Brand_Search,Brand_Expanded,31881,924,32,422.93,0.0289827797120542,0.45771645021645024,0.03463203463203463,False,False,False
2026-09-07,Brand_Search,Brand_Expanded,34353,1207,49,561.85,0.03513521380956539,0.4654929577464789,0.04059652029826015,False,False,False
2026-07-08,Remarketing_Dynamic,Remarketing_All_Visitors,28352,841,26,820.63,0.029662810383747178,0.9757788347205707,0.030915576694411414,False,False,False
2026-08-01,Brand_Search,Brand_Core,24153,1027,42,601.74,0.04252059785533888,0.5859201557935735,0.04089581304771178,False,False,False
2026-09-15,NonBrand_Prospecting,Prospecting_Competitor,0,514,7,889.28,0.0,1.7301167315175097,0.013618677042801557,False,False,False
2026-07-06,Brand_Search,Brand_Expanded,14730,458,21,267.83,0.031093007467752884,0.5847816593886462,0.04585152838427948,False,False,False
2026-09-21,NonBrand_Prospecting,Prospecting_Generic,29923,751,17,765.31,0.025097750893961168,1.0190545938748334,0.022636484687083888,False,False,False
2026-08-30,Brand_Search,Brand_Expanded,23282,856,33,577.77,0.036766600807490765,0.674964953271028,0.038551401869158876,False,False,False
2026-07-14,Remarketing_Dynamic,Remarketing_Cart_Abandon,27672,926,49,764.61,0.03346342873662908,0.8257127429805615,0.052915766738660906,False,False,False
2026-09-29,NonBrand_Prospecting,Prospecting_Competitor,38259,670,7,1132.86,0.017512219347081734,1.6908358208955223,0.010447761194029851,False,False,False
2026-09-15,Remarketing_Dynamic,Remarketing_Purchasers,5914,208,13,191.73,0.03517078119715928,0.9217788461538461,0.0625,False,False,False
2026-08-18,Brand_Search,Brand_Core,27551,1159,51,619.58,0.04206743856847301,0.53458153580673,0.04400345125107852,False,False,False
2026-08-21,Brand_Search,Brand_Expanded,14176,484,17,207.35,0.03414221218961625,0.4284090909090909,0.03512396694214876,False,False,False
2026-08-08,Brand_Search,Brand_Core,3818,165,7,117.25,0.04321634363541121,0.7106060606060606,0.04242424242424243,False,False,False
2026-08-13,Remarketing_Dynamic,Remarketing_Cart_Abandon,36894,1105,60,1141.42,0.029950669485553208,1.0329592760180997,0.05429864253393665,False,False,False
2026-09-05,Remarketing_Dynamic,Remarketing_All_Visitors,29179,897,27,891.26,0.03074128654169094,0.9936008918617614,0.030100334448160536,False,False,False
2026-07-29,Remarketing_Dynamic,Remarketing_Cart_Abandon,22548,809,37,944.04,0.03587901365974809,1.166922126081582,0.04573547589616811,False,False,False
2026-09-07,Remarketing_Dynamic,Remarketing_Purchasers,21181,568,26,499.88,0.026816486473726454,0.8800704225352113,0.045774647887323945,False,False,False
2026-08-01,Remarketing_Dynamic,Remarketing_Cart_Abandon,14623,480,18,518.61,0.0328250017096355,1.0804375,0.0375,False,False,False
2026-09-05,Brand_Search,Brand_Core,25105,1110,44,796.01,0.044214299940250945,0.7171261261261261,0.03963963963963964,False,False,False
2026-08-13,Brand_Search,Brand_Core,7507,327,19,226.15,0.04355934461169575,0.6915902140672783,0.0581039755351682,False,False,False
2026-08-27,Remarketing_Dynamic,Remarketing_Cart_Abandon,9976,360,31,415.9,0.03608660785886127,1.1552777777777776,0.08611111111111111,False,False,False
2026-08-31,Remarketing_Dynamic,Remarketing_Cart_Abandon,3993,142,8,156.85,0.035562233909341344,1.1045774647887323,0.056338028169014086,False,False,False
2026-09-23,Brand_Search,Brand_Expanded,33210,1051,35,519.43,0.03164709424872027,0.49422454804947663,0.03330161750713606,False,False,False
2026-07-12,NonBrand_Prospecting,Prospecting_Competitor,25899,367,5,533.21,0.014170431290783428,1.4528882833787466,0.013623978201634877,False,False,False
2026-07-26,Brand_Search,Brand_Expanded,9567,279,9,151.55,0.02916274694261524,0.5431899641577062,0.03225806451612903,False,False,False
2026-07-23,Remarketing_Dynamic,Remarketing_Purchasers,30482,960,39,948.56,0.0314939964569254,0.9880833333333333,0.040625,False,False,False
2026-09-20,NonBrand_Prospecting,Prospecting_Competitor,16648,213,6,337.03,0.012794329649207112,1.5823004694835678,0.028169014084507043,False,False,False
2026-08-25,Remarketing_Dynamic,Remarketing_Purchasers,9825,271,11,244.89,0.027582697201017813,0.9036531365313653,0.04059040590405904,False,False,False
2026-08-26,Brand_Search,Brand_Core,39423,1774,66,936.4,0.044999112193389645,0.5278466741826381,0.03720405862457723,False,False,False
2026-07-10,NonBrand_Prospecting,Prospecting_Competitor,34326,733,15,1200.29,0.021354075627803996,1.6375034106412005,0.020463847203274217,False,False,False
2026-07-06,Remarketing_Dynamic,Remarketing_Cart_Abandon,39507,1381,100,1435.2,0.034955830612296554,1.0392469225199132,0.07241129616220131,False,False,False
2026-09-13,NonBrand_Prospecting,Prospecting_Competitor,21826,321,4,537.08,0.014707229909282507,1.673146417445483,0.012461059190031152,False,False,False
2026-08-23,Remarketing_Dynamic,Remarketing_Cart_Abandon,26661,878,49,770.41,0.032931998049585534,0.8774601366742596,0.05580865603644647,False,False,False
2026-07-30,NonBrand_Prospecting,Prospecting_Generic,3019,63,3,56.09,0.020867837032129844,0.8903174603174604,0.047619047619047616,False,False,False
2026-07-06,NonBrand_Prospecting,Prospecting_Generic,4853,114,3,143.83,0.023490624356068412,1.2616666666666667,0.02631578947368421,False,False,False
2026-07-20,Legacy_Display,Display_Legacy_Placements,37369,298,0,685.4,0.007974524338355321,2.3,0.0,False,False,False
2026-07-05,Brand_Search,Brand_Expanded,25258,837,33,435.81,0.03313801567820097,0.5206810035842294,0.03942652329749104,False,False,False
2026-09-16,NonBrand_Prospecting,Prospecting_Competitor,39991,427,5,670.4,0.010677402415543498,1.570023419203747,0.0117096018735363,False,False,False
2026-08-07,Remarketing_Dynamic,Remarketing_Cart_Abandon,8611,0,19,354.99,0.0,,,False,True,False
2026-09-10,Remarketing_Dynamic,Remarketing_All_Visitors,11336,324,17,288.14,0.02858151023288638,0.889320987654321,0.05246913580246913,False,False,False
2026-09-01,NonBrand_Prospecting,Prospecting_Competitor,22489,371,2,582.14,0.01649695406643248,1.56911051212938,0.005390835579514825,False,False,False
2026-07-19,Brand_Search,Brand_Expanded,29759,947,45,361.14,0.03182230585705165,0.38135163674762407,0.04751847940865892,False,False,False
2026-09-02,NonBrand_Prospecting,Prospecting_Generic,4669,138,5,158.23,0.029556650246305417,1.1465942028985507,0.036231884057971016,False,False,False
2026-08-12,Remarketing_Dynamic,Remarketing_All_Visitors,20598,622,13,422.25,0.03019710651519565,0.6788585209003215,0.02090032154340836,False,False,False
2026-09-21,Brand_Search,Brand_Core,4599,209,15,141.29,0.045444661883018045,0.6760287081339712,0.07177033492822966,False,False,False
2026-07-03,Brand_Search,Brand_Expanded,38070,1496,62,696.29,0.039296033622274754,0.4654344919786096,0.04144385026737968,False,False,False
2026-09-15,Remarketing_Dynamic,Remarketing_Cart_Abandon,38303,1211,67,1329.64,0.031616322481267785,1.0979686209744015,0.05532617671345995,False,True,False
2026-09-15,Remarketing_Dynamic,Remarketing_All_Visitors,32127,922,27,902.63,0.02869860242163912,0.9789913232104122,0.02928416485900217,False,False,False
2026-07-18,Remarketing_Dynamic,Remarketing_Cart_Abandon,8809,325,20,343.81,0.03689408559427858,1.0578769230769232,0.06153846153846154,False,False,False
2026-07-28,Brand_Search,Brand_Core,27044,1375,60,661.55,0.050843070551693535,0.4811272727272727,0.04363636363636364,False,False,False
2026-09-26,Remarketing_Dynamic,Remarketing_Purchasers,8303,235,15,1773.5589298709524,0.02830302300373359,7.547059276046606,0.06382978723404255,False,False,False
2026-08-16,NonBrand_Prospecting,Prospecting_Generic,32545,585,13,741.99,0.01797511138423721,1.2683589743589743,0.022222222222222223,False,False,False
2026-09-23,NonBrand_Prospecting,Prospecting_Generic,29162,516,13,549.35,0.017694259652973048,1.0646317829457366,0.025193798449612403,False,False,False
2026-08-29,Remarketing_Dynamic,Remarketing_Purchasers,33329,987,55,873.75,0.029613849800474063,0.8852583586626139,0.05572441742654509,False,False,False
2026-09-05,NonBrand_Prospecting,Prospecting_Generic,10974,295,5,324.6774732620321,0.026881720430107527,1.1006016042780749,0.01694915254237288,True,False,False
2026-09-11,NonBrand_Prospecting,Prospecting_Competitor,37283,685,11,1117.86,0.01837298500657136,1.631912408759124,0.016058394160583942,False,False,False
2026-07-03,NonBrand_Prospecting,Prospecting_Generic,9082,233,8,276.48,0.025655142039198414,1.186609442060086,0.034334763948497854,False,False,False
2026-07-26,Brand_Search,Brand_Core,14320,614,33,382.69,0.04287709497206704,0.6232736156351791,0.05374592833876222,False,False,False
2026-07-16,Legacy_Display,Display_Legacy_Placements,43975,351,3,807.3,0.007981807845366685,2.3,0.008547008547008548,False,False,False
2026-07-17,Remarketing_Dynamic,Remarketing_All_Visitors,36978,1254,44,1206.27,0.03391205581697226,0.9619377990430622,0.03508771929824561,False,False,False
2026-09-23,Brand_Search,Brand_Core,3539,166,2,95.19,0.04690590562305736,0.573433734939759,0.012048192771084338,False,False,False
2026-07-15,NonBrand_Prospecting,Prospecting_Competitor,13883,167,3,262.51,0.012029100338543543,1.5719161676646707,0.017964071856287425,False,False,False
2026-09-19,NonBrand_Prospecting,Prospecting_Generic,7195,152,2,164.73,0.021125781792911743,1.08375,0.013157894736842105,False,False,False
2026-09-28,NonBrand_Prospecting,Prospecting_Generic,3584,98,2,105.48,0.02734375,1.076326530612245,0.02040816326530612,False,False,False
2026-08-02,Brand_Search,Brand_Expanded,38213,1242,48,741.62,0.03250202810561851,0.5971175523349437,0.03864734299516908,False,False,False
2026-07-22,Legacy_Display,Display_Legacy_Placements,22258,178,0,409.4,0.007997124629346751,2.3,0.0,False,False,False
2026-07-10,Legacy_Display,Display_Legacy_Placements,21826,174,0,400.2,0.007972143315312014,2.3,0.0,False,False,False
2026-08-08,Remarketing_Dynamic,Remarketing_Cart_Abandon,36815,1036,61,1329.29,0.02814070351758794,1.2830984555984555,0.05888030888030888,False,False,False
2026-08-18,Remarketing_Dynamic,Remarketing_Purchasers,35891,1070,42,951.4,0.029812487810314564,0.8891588785046729,0.03925233644859813,False,False,False
2026-07-11,Legacy_Display,Display_Legacy_Placements,28101,224,0,515.2,0.007971246574854988,2.3000000000000003,0.0,False,False,False
2026-07-18,NonBrand_Prospecting,Prospecting_Competitor,30739,247,7,400.23,0.008035394775366798,1.6203643724696357,0.02834008097165992,False,False,False
2026-08-30,Brand_Search,Brand_Core,14954,760,36,260.93,0.0508225224020329,0.34332894736842107,0.04736842105263158,False,False,False
2026-09-24,Brand_Search,Brand_Expanded,34294,1157,48,757.76,0.03373768006065201,0.6549351771823682,0.04148660328435609,False,False,False
2026-09-03,Remarketing_Dynamic,Remarketing_Purchasers,16790,512,32,511.38,0.03049434187016081,0.9987890625,0.0625,False,False,False
2026-07-21,Remarketing_Dynamic,Remarketing_All_Visitors,28570,698,13,512.34,0.024431221561078055,0.7340114613180516,0.01862464183381089,False,False,False
2026-09-22,Remarketing_Dynamic,Remarketing_All_Visitors,19080,481,20,331.07,0.02520964360587002,0.6882952182952183,0.04158004158004158,False,False,False
2026-07-04,Brand_Search,Brand_Core,19664,921,47,473.46,0.046836859235150526,0.514071661237785,0.051031487513572206,False,False,False
2026-07-18,Brand_Search,Brand_Expanded,20365,585,23,359.04,0.028725754971765282,0.6137435897435898,0.039316239316239315,False,False,False
2026-09-28,Legacy_Display,Display_Legacy_Placements,34776,278,2,639.4,0.007994018863584081,2.3,0.007194244604316547,False,False,False
2026-08-10,Remarketing_Dynamic,Remarketing_All_Visitors,28044,750,18,592.39,0.026743688489516474,0.7898533333333333,0.024,False,False,False
2026-09-12,Remarketing_Dynamic,Remarketing_Purchasers,3745,110,3,119.76,0.029372496662216287,1.0887272727272728,0.02727272727272727,False,False,False
2026-07-13,Legacy_Display,Display_Legacy_Placements,38588,308,1,708.4,0.00798175598631699,2.3,0.003246753246753247,False,False,False
2026-09-17,Remarketing_Dynamic,Remarketing_All_Visitors,22757,615,21,673.93,0.027024651755503802,1.095821138211382,0.03414634146341464,False,False,False
2026-08-19,Legacy_Display,Display_Legacy_Placements,34128,273,0,627.9,0.00799929676511955,2.3,0.0,False,False,False
2026-09-05,NonBrand_Prospecting,Prospecting_Competitor,15642,260,6,413.62339838667714,0.01662191535609257,1.5908592245641429,0.023076923076923078,True,False,False
2026-07-07,NonBrand_Prospecting,Prospecting_Competitor,9428,192,4,316.96,0.020364870598218072,1.6508333333333332,0.020833333333333332,False,False,False
2026-08-01,Legacy_Display,Display_Legacy_Placements,34531,276,0,634.8,0.007992818047551475,2.3,0.0,False,False,False
2026-08-08,NonBrand_Prospecting,Prospecting_Competitor,27970,577,5,982.29,0.020629245620307473,1.7024090121317157,0.008665511265164644,False,False,False
2026-08-05,Legacy_Display,Display_Legacy_Placements,44761,358,0,823.4,0.00799803400281495,2.3,0.0,False,False,False
2026-08-03,Remarketing_Dynamic,Remarketing_All_Visitors,33955,890,29,874.2,0.026211161831836253,0.982247191011236,0.03258426966292135,False,False,False
2026-09-03,Legacy_Display,Display_Legacy_Placements,33079,264,0,607.2,0.007980894222920887,2.3000000000000003,0.0,False,False,False
2026-09-19,Remarketing_Dynamic,Remarketing_Purchasers,3188,71,2,70.11,0.022271016311166875,0.9874647887323944,0.028169014084507043,False,False,False
2026-08-31,Brand_Search,Brand_Expanded,32570,1222,46,713.74,0.03751918943813325,0.5840752864157119,0.03764320785597381,False,False,False
2026-07-05,Legacy_Display,Display_Legacy_Placements,35158,281,0,646.3,0.007992491040445986,2.3,0.0,False,False,False
2026-07-14,Legacy_Display,Display_Legacy_Placements,22278,178,0,409.4,0.00798994523745399,2.3,0.0,False,False,False
2026-08-19,Remarketing_Dynamic,Remarketing_Cart_Abandon,10141,307,21,312.66,0.030273148604674095,1.0184364820846907,0.06840390879478828,False,False,False
2026-09-25,Remarketing_Dynamic,Remarketing_Purchasers,18883,543,25,487.24,0.028756023936874438,0.8973112338858196,0.04604051565377532,False,False,False
2026-08-10,Brand_Search,Brand_Expanded,35586,1199,53,456.58,0.033693025347046594,0.3808006672226856,0.04420350291909925,False,False,False
2026-09-25,NonBrand_Prospecting,Prospecting_Competitor,13178,262,3,398.08,0.019881620883290332,1.5193893129770992,0.011450381679389313,False,False,False
2026-08-01,Brand_Search,Brand_Expanded,6138,220,8,89.68,0.035842293906810034,0.4076363636363637,0.03636363636363636,False,False,False
2026-09-08,Legacy_Display,Display_Legacy_Placements,31214,249,1,572.7,0.007977189722560389,2.3000000000000003,0.004016064257028112,False,False,False
2026-08-05,Brand_Search,Brand_Core,23529,1146,58,731.72,0.04870585235241617,0.638499127399651,0.0506108202443281,False,False,False
2026-09-01,Legacy_Display,Display_Legacy_Placements,32911,263,0,604.9,0.007991249126431892,2.3,0.0,False,False,False
2026-09-03,Brand_Search,Brand_Expanded,27798,1017,42,565.49,0.036585365853658534,0.5560373647984268,0.04129793510324484,False,False,False
2026-09-15,Brand_Search,Brand_Core,38115,1746,84,1195.03,0.045808736717827626,0.6844387170675831,0.048109965635738834,False,False,False
2026-08-06,Brand_Search,Brand_Core,39681,1856,107,1029.16,0.046773014792973966,0.5545043103448276,0.05765086206896552,False,False,False
2026-08-30,Remarketing_Dynamic,Remarketing_Purchasers,27420,779,30,846.57,0.028409919766593728,1.0867394094993583,0.038510911424903725,False,False,False
2026-09-09,NonBrand_Prospecting,Prospecting_Competitor,34467,525,8,845.65,0.015231961006179824,1.6107619047619046,0.015238095238095238,False,False,False
2026-08-01,Remarketing_Dynamic,Remarketing_Purchasers,33976,889,38,819.48,0.02616552860842948,0.9217997750281215,0.04274465691788527,False,False,False
2026-08-05,Remarketing_Dynamic,Remarketing_Purchasers,31836,777,34,689.54,0.024406332453825858,0.8874388674388674,0.043758043758043756,False,False,False
2026-07-08,Remarketing_Dynamic,Remarketing_Cart_Abandon,39891,1433,92,1409.41,0.03592288987490913,0.9835380321004885,0.0642009769713887,False,False,False
2026-09-18,Remarketing_Dynamic,Remarketing_All_Visitors,28140,860,26,659.49,0.030561478322672354,0.7668488372093023,0.030232558139534883,False,False,False
2026-08-05,Brand_Search,Brand_Expanded,34573,1183,36,518.94,0.03421745292569346,0.4386644125105664,0.030431107354184278,False,False,False
2026-07-13,NonBrand_Prospecting,Prospecting_Competitor,27878,548,16,867.01,0.01965707726522706,1.5821350364963505,0.029197080291970802,False,False,False
2026-08-28,Brand_Search,Brand_Expanded,13384,564,19,339.32,0.04213986849970114,0.6016312056737588,0.03368794326241135,False,False,False
2026-09-11,Remarketing_Dynamic,Remarketing_Purchasers,13105,417,23,407.86,0.031819916062571535,0.9780815347721823,0.05515587529976019,False,False,False
2026-08-17,Brand_Search,Brand_Core,8192,359,22,162.86,0.0438232421875,0.45364902506963795,0.06128133704735376,False,False,False
2026-08-09,NonBrand_Prospecting,Prospecting_Generic,34830,807,16,959.26,0.023169681309216192,1.1886741016109046,0.01982651796778191,False,False,False
2026-09-30,Remarketing_Dynamic,Remarketing_Cart_Abandon,14768,463,30,438.53,0.03135157096424702,0.9471490280777537,0.06479481641468683,False,False,False
2026-08-13,NonBrand_Prospecting,Prospecting_Generic,33332,0,22,865.14,0.0,,,False,False,False
2026-08-23,NonBrand_Prospecting,Prospecting_Competitor,3509,55,0,83.78,0.01567398119122257,1.5232727272727273,0.0,False,False,False
2026-09-08,Remarketing_Dynamic,Remarketing_All_Visitors,6445,162,2,113.63,0.025135764158262217,0.7014197530864197,0.012345679012345678,False,False,False
2026-08-21,Brand_Search,Brand_Core,27121,1101,44,862.84,0.040595848235684524,0.7836875567665759,0.03996366939146231,False,False,False
2026-08-02,NonBrand_Prospecting,Prospecting_Generic,9004,235,8,262.83,0.026099511328298533,1.1184255319148935,0.03404255319148936,False,False,False
2026-09-20,Remarketing_Dynamic,Remarketing_All_Visitors,30048,794,24,546.35,0.026424387646432373,0.6880982367758187,0.030226700251889168,False,False,False
2026-07-15,Remarketing_Dynamic,Remarketing_Cart_Abandon,39636,1370,77,1480.36,0.03456453728933293,1.0805547445255475,0.05620437956204379,False,False,False
2026-09-09,Remarketing_Dynamic,Remarketing_All_Visitors,38000,773,30,558.14,0.020342105263157894,0.7220439844760672,0.03880983182406209,False,False,False
2026-08-07,Remarketing_Dynamic,Remarketing_Purchasers,7810,224,7,177.28,0.028681177976952625,0.7914285714285715,0.03125,False,False,False
2026-08-18,Remarketing_Dynamic,Remarketing_All_Visitors,32739,982,34,669.81,0.029994807416231405,0.6820875763747454,0.034623217922606926,False,False,False
2026-07-13,Remarketing_Dynamic,Remarketing_Cart_Abandon,37214,953,45,936.08,0.025608641908958993,0.9822455403987409,0.0472193074501574,False,False,False
2026-09-25,Legacy_Display,Display_Legacy_Placements,30920,247,0,568.1,0.00798835705045278,2.3000000000000003,0.0,False,False,False
2026-08-27,NonBrand_Prospecting,Prospecting_Competitor,15442,229,5,351.28,0.014829685273928247,1.5339737991266373,0.021834061135371178,False,False,False
2026-09-18,NonBrand_Prospecting,Prospecting_Generic,33048,493,9,547.7,0.014917695473251029,1.1109533468559838,0.018255578093306288,False,False,False
2026-09-10,NonBrand_Prospecting,Prospecting_Competitor,18728,241,6,395.78,0.012868432293891499,1.6422406639004148,0.024896265560165973,False,False,False
2026-08-02,Remarketing_Dynamic,Remarketing_Cart_Abandon,17160,663,42,650.96,0.038636363636363635,0.9818401206636501,0.06334841628959276,False,False,False
2026-07-15,NonBrand_Prospecting,Prospecting_Generic,23200,476,9,419.82,0.020517241379310346,0.8819747899159663,0.018907563025210083,False,False,False
2026-09-19,Legacy_Display,Display_Legacy_Placements,24184,193,0,443.9,0.007980482963943103,2.3,0.0,False,False,False
2026-07-03,NonBrand_Prospecting,Prospecting_Competitor,24163,148,1,241.92,0.006125067251582999,1.6345945945945946,0.006756756756756757,False,False,False
2026-08-06,Remarketing_Dynamic,Remarketing_Cart_Abandon,10317,405,26,434.24,0.03925559755742949,1.0721975308641976,0.06419753086419754,False,False,False
2026-07-30,Brand_Search,Brand_Expanded,30099,1002,38,385.59,0.03329014252965215,0.3848203592814371,0.03792415169660679,False,False,False
2026-07-07,Brand_Search,Brand_Expanded,24724,926,38,477.88,0.037453486490859084,0.5160691144708424,0.04103671706263499,False,False,False
2026-09-13,Legacy_Display,Display_Legacy_Placements,0,313,1,719.9,0.0,2.3,0.003194888178913738,False,False,False
2026-09-02,Brand_Search,Brand_Core,11605,473,23,267.98,0.04075829383886256,0.566553911205074,0.048625792811839326,False,False,False
2026-07-07,Brand_Search,Brand_Core,21418,999,46,642.44,0.046643010551872255,0.6430830830830832,0.04604604604604605,False,False,False
2026-07-31,Legacy_Display,Display_Legacy_Placements,21312,170,0,391.0,0.007976726726726727,2.3,0.0,False,False,False
2026-07-15,Legacy_Display,Display_Legacy_Placements,28364,226,2,519.8,0.007967846566069666,2.3,0.008849557522123894,False,False,False
2026-07-19,NonBrand_Prospecting,Prospecting_Competitor,14486,207,2,319.17,0.014289658981085186,1.5418840579710145,0.00966183574879227,False,False,False
2026-09-04,Remarketing_Dynamic,Remarketing_Purchasers,15721,350,9,284.86,0.022263214808218308,0.8138857142857143,0.025714285714285714,False,False,False
2026-08-29,Remarketing_Dynamic,Remarketing_All_Visitors,15631,386,12,326.46,0.024694517305354744,0.8457512953367875,0.031088082901554404,False,False,False
2026-09-07,Legacy_Display,Display_Legacy_Placements,32272,258,2,593.4,0.007994546355974219,2.3,0.007751937984496124,False,False,False
2026-07-02,Remarketing_Dynamic,Remarketing_All_Visitors,33590,728,16,651.32,0.021673116999106876,0.8946703296703298,0.02197802197802198,False,False,False
2026-07-09,NonBrand_Prospecting,Prospecting_Competitor,17906,291,6,443.48,0.016251535798056518,1.5239862542955327,0.020618556701030927,False,False,False
2026-08-21,NonBrand_Prospecting,Prospecting_Generic,10937,269,6,313.39,0.024595410075889182,1.1650185873605947,0.022304832713754646,False,False,False
2026-08-25,NonBrand_Prospecting,Prospecting_Generic,13002,235,7,259.76,0.018074142439624675,1.1053617021276596,0.029787234042553193,False,False,False
2026-08-06,Remarketing_Dynamic,Remarketing_Purchasers,12784,384,25,390.02,0.030037546933667083,1.0156770833333333,0.06510416666666667,False,False,False
2026-08-31,Brand_Search,Brand_Core,22026,1017,50,572.38,0.04617270498501771,0.5628121927236971,0.049164208456243856,False,False,False
2026-07-01,NonBrand_Prospecting,Prospecting_Generic,33541,748,28,823.25,0.022301064368981247,1.1006016042780749,0.0374331550802139,False,False,False
2026-07-09,Legacy_Display,Display_Legacy_Placements,28997,231,0,531.3,0.007966341345656448,2.3,0.0,False,False,False
2026-09-17,NonBrand_Prospecting,Prospecting_Generic,26276,582,14,640.5501336898395,0.022149490028923732,1.1006016042780749,0.024054982817869417,True,False,False
2026-07-07,NonBrand_Prospecting,Prospecting_Generic,23447,491,12,503.66,0.02094084531070073,1.025784114052953,0.024439918533604887,False,False,False
2026-08-21,Remarketing_Dynamic,Remarketing_Purchasers,10815,280,11,271.69,0.025889967637540454,0.9703214285714286,0.039285714285714285,False,False,False
2026-08-13,Remarketing_Dynamic,Remarketing_All_Visitors,33590,931,30,756.77,0.027716582316165524,0.8128571428571428,0.0322234156820623,False,False,False
2026-07-03,Remarketing_Dynamic,Remarketing_Cart_Abandon,14429,524,23,469.47,0.03631575299743572,0.8959351145038168,0.04389312977099236,False,False,False
2026-09-01,Brand_Search,Brand_Expanded,28977,0,39,621.23,0.0,,,False,False,False
2026-07-23,NonBrand_Prospecting,Prospecting_Generic,24778,551,16,612.18,0.02223746872225361,1.1110344827586205,0.029038112522686024,False,False,False
2026-07-19,Remarketing_Dynamic,Remarketing_Cart_Abandon,34001,930,55,1071.47,0.02735213670186171,1.1521182795698925,0.05913978494623656,False,False,False
2026-08-02,Legacy_Display,Display_Legacy_Placements,25456,203,0,466.9,0.007974544311753614,2.3,0.0,False,False,False
2026-08-19,Brand_Search,Brand_Expanded,4519,178,4,93.54,0.039389245408276166,0.5255056179775281,0.02247191011235955,False,False,False
2026-08-11,Remarketing_Dynamic,Remarketing_Cart_Abandon,25605,780,58,901.46,0.03046280023432923,1.1557179487179488,0.07435897435897436,False,False,False
2026-09-15,NonBrand_Prospecting,Prospecting_Generic,30661,854,27,929.65,0.027852972831936336,1.088583138173302,0.03161592505854801,False,False,False
2026-07-05,Remarketing_Dynamic,Remarketing_Cart_Abandon,23131,678,34,778.39,0.029311313821278804,1.1480678466076697,0.05014749262536873,False,False,False
2026-07-22,NonBrand_Prospecting,Prospecting_Competitor,10835,166,6,249.99,0.015320719889247807,1.5059638554216868,0.03614457831325301,False,False,False
2026-09-10,Brand_Search,Brand_Expanded,39386,1279,49,743.28,0.03247346772965013,0.5811415168100078,0.03831118060985145,False,False,False
2026-08-27,Remarketing_Dynamic,Remarketing_All_Visitors,25728,719,30,678.04,0.027946206467661692,0.9430319888734353,0.04172461752433936,False,False,False
2026-09-13,NonBrand_Prospecting,Prospecting_Generic,30155,836,20,907.56,0.027723428950422815,1.085598086124402,0.023923444976076555,False,False,False
2026-07-14,NonBrand_Prospecting,Prospecting_Generic,31791,656,12,762.25,0.02063477084709509,1.161966463414634,0.018292682926829267,False,False,False
2026-08-06,Brand_Search,Brand_Expanded,19644,742,26,560.41,0.037772347790673996,0.7552695417789757,0.03504043126684636,False,False,False
2026-08-18,NonBrand_Prospecting,Prospecting_Competitor,19682,236,2,356.15,0.011990651356569454,1.5091101694915254,0.00847457627118644,False,False,False
2026-09-13,Remarketing_Dynamic,Remarketing_All_Visitors,11096,342,10,288.14,0.030821917808219176,0.8425146198830409,0.029239766081871343,False,False,False
2026-07-10,Brand_Search,Brand_Core,11395,537,32,286.46,0.04712593242650285,0.5334450651769087,0.0595903165735568,False,False,False
2026-07-17,Remarketing_Dynamic,Remarketing_Cart_Abandon,28474,928,78,912.86,0.032591135772985884,0.9836853448275862,0.08405172413793104,False,False,False
2026-09-04,Brand_Search,Brand_Core,22811,1032,57,547.23,0.04524133093682872,0.5302616279069767,0.055232558139534885,False,False,False
2026-07-11,NonBrand_Prospecting,Prospecting_Competitor,6661,103,4,164.62,0.015463143672121303,1.598252427184466,0.038834951456310676,False,False,False
2026-07-01,Brand_Search,Brand_Core,6302,257,15,173.49,0.04078070453824183,0.6750583657587549,0.058365758754863814,False,False,False
2026-08-30,Remarketing_Dynamic,Remarketing_Cart_Abandon,25484,756,48,699.4,0.02966567257887302,0.9251322751322751,0.06349206349206349,False,False,False
2026-07-01,Legacy_Display,Display_Legacy_Placements,38680,309,0,710.7,0.00798862461220269,2.3000000000000003,0.0,False,False,False
2026-07-04,NonBrand_Prospecting,Prospecting_Competitor,24133,415,5,634.82,0.01719637011560933,1.5296867469879518,0.012048192771084338,False,False,False
2026-08-18,Brand_Search,Brand_Expanded,13865,356,14,161.49,0.02567616300036062,0.453623595505618,0.03932584269662921,False,False,False
2026-09-04,Legacy_Display,Display_Legacy_Placements,26494,211,0,485.3,0.007964067336000604,2.3000000000000003,0.0,False,False,False
2026-09-08,Remarketing_Dynamic,Remarketing_Cart_Abandon,9077,276,17,299.2,0.0304065219786273,1.0840579710144926,0.06159420289855073,False,False,False
2026-07-30,NonBrand_Prospecting,Prospecting_Competitor,11025,150,2,237.78,0.013605442176870748,1.5852,0.013333333333333334,False,False,False
2026-09-12,Legacy_Display,Display_Legacy_Placements,39728,317,2,729.1,0.007979258960934354,2.3000000000000003,0.006309148264984227,False,False,False
2026-09-28,Brand_Search,Brand_Core,8742,453,26,209.19,0.051818805765271106,0.4617880794701987,0.05739514348785872,False,False,False
2026-09-24,Remarketing_Dynamic,Remarketing_All_Visitors,11139,346,14,327.58,0.031062034293922257,0.9467630057803468,0.04046242774566474,False,False,False
2026-08-10,NonBrand_Prospecting,Prospecting_Competitor,30150,623,8,968.34,0.02066334991708126,1.5543178170144463,0.012841091492776886,False,False,False
2026-08-18,NonBrand_Prospecting,Prospecting_Generic,31598,817,20,1022.62,0.025856066839673397,1.2516768665850673,0.02447980416156671,False,False,False
2026-09-12,NonBrand_Prospecting,Prospecting_Competitor,22479,307,5,574.21,0.013657191156190221,1.8703908794788275,0.016286644951140065,False,False,False
2026-08-11,Brand_Search,Brand_Core,14481,671,26,497.04,0.04633657896554105,0.7407451564828614,0.038748137108792845,False,False,False
2026-07-09,Brand_Search,Brand_Expanded,23657,882,36,480.09,0.03728283383353764,0.5443197278911565,0.04081632653061224,False,False,False
2026-07-01,Remarketing_Dynamic,Remarketing_All_Visitors,14565,423,13,378.95,0.029042224510813595,0.8958628841607564,0.030732860520094562,False,False,False
2026-09-11,NonBrand_Prospecting,Prospecting_Generic,36398,761,13,766.4,0.020907742183636464,1.007095926412615,0.017082785808147174,False,False,False
2026-07-11,Remarketing_Dynamic,Remarketing_All_Visitors,24115,627,26,538.26,0.026000414679659963,0.858468899521531,0.04146730462519936,False,False,False
2026-07-13,Brand_Search,Brand_Expanded,21564,963,35,571.53,0.044657762938230386,0.5934890965732087,0.036344755970924195,False,False,False
2026-08-28,Remarketing_Dynamic,Remarketing_Cart_Abandon,33160,986,46,1058.48,0.02973462002412545,1.0735091277890467,0.04665314401622718,False,False,False
2026-09-29,Remarketing_Dynamic,Remarketing_Cart_Abandon,34890,1048,65,1206.15,0.03003725995987389,1.1509064885496183,0.06202290076335878,False,False,False
2026-07-20,Brand_Search,Brand_Expanded,21251,728,34,381.95,0.03425721142534469,0.5246565934065934,0.046703296703296704,False,False,False
2026-09-18,Legacy_Display,Display_Legacy_Placements,34349,274,0,630.2,0.007976942560190981,2.3000000000000003,0.0,False,False,False
2026-08-05,Remarketing_Dynamic,Remarketing_All_Visitors,36751,1060,39,981.79,0.02884275257816114,0.9262169811320754,0.03679245283018868,False,False,False
2026-07-21,NonBrand_Prospecting,Prospecting_Competitor,13765,264,2,385.5,0.019179077370141663,1.4602272727272727,0.007575757575757576,False,False,False
2026-08-12,Legacy_Display,Display_Legacy_Placements,27533,220,0,506.0,0.007990411506192568,2.3,0.0,False,False,False
2026-09-04,Remarketing_Dynamic,Remarketing_All_Visitors,8161,195,6,152.1,0.023894130621247397,0.7799999999999999,0.03076923076923077,False,False,False
2026-07-27,Remarketing_Dynamic,Remarketing_Purchasers,28127,806,36,731.74,0.028655740036264088,0.9078660049627791,0.04466501240694789,False,False,False
2026-07-29,Legacy_Display,Display_Legacy_Placements,37178,297,1,683.1,0.007988595405885202,2.3000000000000003,0.003367003367003367,False,False,False
2026-08-17,Remarketing_Dynamic,Remarketing_Purchasers,12141,405,11,414.14,0.033358042994810974,1.0225679012345679,0.027160493827160494,False,False,False
2026-07-19,Remarketing_Dynamic,Remarketing_Purchasers,23249,852,38,851.44,0.036646737494085764,0.999342723004695,0.04460093896713615,False,False,False
2026-08-27,Brand_Search,Brand_Core,21667,1218,62,985.75,0.05621451977661882,0.8093185550082101,0.05090311986863711,False,False,False
2026-08-03,Brand_Search,Brand_Expanded,22041,891,43,397.33,0.04042466312780727,0.4459371492704826,0.04826038159371493,False,False,False
2026-08-10,Legacy_Display,Display_Legacy_Placements,23299,186,1,427.8,0.007983175243572685,2.3000000000000003,0.005376344086021506,False,False,False
2026-09-30,Legacy_Display,Display_Legacy_Placements,36468,291,0,669.3,0.007979598552155314,2.3,0.0,False,False,False
2026-08-18,Remarketing_Dynamic,Remarketing_Cart_Abandon,28287,831,48,866.25,0.02937745254003606,1.0424187725631768,0.05776173285198556,False,False,False
2026-08-10,NonBrand_Prospecting,Prospecting_Generic,4195,47,0,45.22,0.011203814064362336,0.9621276595744681,0.0,False,False,False
2026-08-11,Remarketing_Dynamic,Remarketing_All_Visitors,25345,791,29,682.14,0.031209311501282304,0.8623767383059419,0.03666245259165613,False,False,False
2026-07-20,Remarketing_Dynamic,Remarketing_Purchasers,28899,862,41,629.68,0.02982802173085574,0.7304872389791183,0.04756380510440835,False,False,False
2026-09-09,Brand_Search,Brand_Expanded,29551,996,40,569.44,0.03370444316605191,0.5717269076305221,0.040160642570281124,False,False,False
2026-08-03,Remarketing_Dynamic,Remarketing_Purchasers,12497,362,15,391.76,0.02896695206849644,1.082209944751381,0.04143646408839779,False,False,False
2026-08-20,Legacy_Display,Display_Legacy_Placements,40310,322,0,740.6,0.007988092284792855,2.3000000000000003,0.0,False,False,False
2026-07-14,Remarketing_Dynamic,Remarketing_Purchasers,28125,775,44,784.7,0.027555555555555555,1.0125161290322582,0.0567741935483871,False,False,False
2026-09-22,Brand_Search,Brand_Core,6937,292,18,169.96,0.042093123828744416,0.582054794520548,0.06164383561643835,False,False,False
2026-09-03,Brand_Search,Brand_Core,20038,1041,59,670.3,0.05195129254416608,0.6439000960614794,0.056676272814601344,False,False,False
2026-08-29,Remarketing_Dynamic,Remarketing_Cart_Abandon,21185,765,41,825.23,0.03611045551097475,1.078732026143791,0.05359477124183006,False,False,False
2026-09-23,Remarketing_Dynamic,Remarketing_Cart_Abandon,5957,235,14,226.15,0.03944938727547423,0.9623404255319149,0.059574468085106386,False,False,False
2026-07-12,Legacy_Display,Display_Legacy_Placements,35207,281,1,646.3,0.007981367341721817,2.3,0.0035587188612099642,False,False,False
2026-08-11,NonBrand_Prospecting,Prospecting_Generic,37397,486,16,476.51,0.012995694841832233,0.9804732510288066,0.03292181069958848,False,False,False
2026-08-28,NonBrand_Prospecting,Prospecting_Generic,19043,361,6,376.86,0.018957097096045792,1.0439335180055402,0.01662049861495845,False,False,False
2026-07-24,Brand_Search,Brand_Expanded,0,777,40,421.86,0.0,0.5429343629343629,0.05148005148005148,False,False,False
2026-08-14,Brand_Search,Brand_Expanded,15839,578,22,342.19,0.036492202790580214,0.5920242214532871,0.03806228373702422,False,False,False
2026-07-03,Brand_Search,Brand_Core,34070,1652,86,1119.69,0.04848840622248312,0.6777784503631962,0.05205811138014528,False,False,False
2026-07-26,Remarketing_Dynamic,Remarketing_All_Visitors,15527,531,13,428.21,0.0341984929477684,0.8064218455743879,0.02448210922787194,False,False,False
2026-07-16,Brand_Search,Brand_Expanded,10735,356,17,247.6,0.03316255239869585,0.6955056179775281,0.047752808988764044,False,False,False
2026-07-27,Brand_Search,Brand_Expanded,22455,655,26,447.77,0.02916945001113338,0.683618320610687,0.03969465648854962,False,False,False
2026-09-29,Brand_Search,Brand_Expanded,22790,921,45,333.33,0.04041246160596753,0.3619218241042345,0.048859934853420196,False,False,False
2026-08-10,Remarketing_Dynamic,Remarketing_Cart_Abandon,3262,121,6,123.78,0.03709380748007358,1.0229752066115703,0.049586776859504134,False,False,False
2026-08-20,Remarketing_Dynamic,Remarketing_Cart_Abandon,24134,812,46,829.05,0.03364547940664622,1.0209975369458129,0.05665024630541872,False,False,False
2026-09-09,Remarketing_Dynamic,Remarketing_Cart_Abandon,32107,906,51,1047.72,0.02821814557573115,1.1564238410596026,0.056291390728476824,False,False,False
2026-09-01,Brand_Search,Brand_Core,25354,985,46,676.09,0.038849885619626094,0.6863857868020304,0.046700507614213196,False,False,False
2026-07-04,Legacy_Display,Display_Legacy_Placements,34652,277,0,637.1,0.007993766593558813,2.3000000000000003,0.0,False,False,False
2026-07-07,Legacy_Display,Display_Legacy_Placements,27251,218,0,501.4,0.007999706432791458,2.3,0.0,False,False,False
2026-09-07,Remarketing_Dynamic,Remarketing_All_Visitors,39623,1181,47,1149.45,0.029805920803573683,0.9732853513971211,0.03979678238780694,False,False,False
2026-07-25,Remarketing_Dynamic,Remarketing_Purchasers,34404,942,43,904.34,0.02738053714684339,0.9600212314225054,0.045647558386411886,False,False,False
2026-08-16,Remarketing_Dynamic,Remarketing_Cart_Abandon,3871,129,8,134.21,0.03332472229398088,1.0403875968992249,0.06201550387596899,False,False,False
2026-07-28,NonBrand_Prospecting,Prospecting_Competitor,11227,172,5,233.29,0.015320210207535406,1.3563372093023256,0.029069767441860465,False,False,False
2026-08-04,Remarketing_Dynamic,Remarketing_All_Visitors,13797,362,14,319.56,0.026237587881423496,0.8827624309392266,0.03867403314917127,False,False,False
2026-09-11,Legacy_Display,Display_Legacy_Placements,23394,187,0,430.1,0.007993502607506198,2.3000000000000003,0.0,False,False,False
2026-08-29,Legacy_Display,Display_Legacy_Placements,23100,184,0,423.2,0.007965367965367965,2.3,0.0,False,False,False
2026-09-23,Remarketing_Dynamic,Remarketing_All_Visitors,12070,304,8,203.03,0.025186412593206295,0.6678618421052631,0.02631578947368421,False,False,False
2026-08-23,Brand_Search,Brand_Core,24994,1202,55,773.46,0.048091541970072815,0.643477537437604,0.045757071547420966,False,False,False
2026-09-27,Legacy_Display,Display_Legacy_Placements,25358,202,0,464.6,0.007965927912295922,2.3000000000000003,0.0,False,False,False
2026-07-22,Remarketing_Dynamic,Remarketing_Cart_Abandon,27194,936,58,1164.81,0.03441935721114952,1.2444551282051282,0.06196581196581197,False,False,False
2026-09-10,Remarketing_Dynamic,Remarketing_Purchasers,11197,0,13,295.55,0.0,,,False,False,False
2026-08-21,Remarketing_Dynamic,Remarketing_All_Visitors,23733,804,30,698.11,0.033876880293262544,0.8682960199004975,0.03731343283582089,False,True,False
2026-09-18,Remarketing_Dynamic,Remarketing_Cart_Abandon,6336,224,21,202.66,0.03535353535353535,0.9047321428571429,0.09375,False,False,False
2026-08-16,Remarketing_Dynamic,Remarketing_All_Visitors,37659,1126,43,1003.01,0.029899891128282747,0.8907726465364121,0.03818827708703375,False,False,False
2026-07-17,Brand_Search,Brand_Expanded,20749,696,36,317.3,0.0335437852426623,0.45589080459770115,0.05172413793103448,False,False,False
2026-07-14,Brand_Search,Brand_Expanded,38461,1105,47,574.9,0.028730402225631158,0.5202714932126696,0.04253393665158371,False,False,False
2026-09-20,Remarketing_Dynamic,Remarketing_Purchasers,12523,467,20,386.88,0.03729138385370918,0.8284368308351178,0.042826552462526764,False,False,False
2026-07-12,Brand_Search,Brand_Expanded,5666,153,4,61.28,0.027003176844334627,0.4005228758169935,0.026143790849673203,False,False,False
2026-09-16,Remarketing_Dynamic,Remarketing_Purchasers,19274,623,30,587.8,0.03232333713811352,0.9434991974317817,0.048154093097913325,False,False,False
2026-08-13,Brand_Search,Brand_Expanded,36635,1177,43,492.36,0.032127746690323464,0.4183177570093458,0.03653355989804588,False,False,False
2026-09-17,Brand_Search,Brand_Core,35483,1312,70,997.68,0.036975453033847194,0.7604268292682926,0.053353658536585365,False,False,False
2026-08-26,NonBrand_Prospecting,Prospecting_Competitor,32367,630,9,1002.07,0.019464269163036427,1.5905873015873018,0.014285714285714285,False,False,False
2026-07-06,Remarketing_Dynamic,Remarketing_All_Visitors,18771,546,25,538.84,0.029087422087262265,0.986886446886447,0.045787545787545784,False,False,False
2026-08-22,Remarketing_Dynamic,Remarketing_Purchasers,32013,1132,46,1279.27,0.03536063474213601,1.1300971731448763,0.04063604240282685,False,False,False
2026-07-31,Remarketing_Dynamic,Remarketing_Purchasers,23923,743,26,712.5,0.031057977678384818,0.9589502018842531,0.034993270524899055,False,False,False
2026-07-30,Brand_Search,Brand_Core,24499,1184,59,946.81,0.04832850320421242,0.7996706081081081,0.04983108108108108,False,False,False
2026-09-26,Remarketing_Dynamic,Remarketing_Cart_Abandon,8831,329,18,334.72,0.03725512399501755,1.0173860182370822,0.0547112462006079,False,False,False
2026-07-16,Brand_Search,Brand_Core,23482,936,33,455.52,0.03986031854186185,0.48666666666666664,0.035256410256410256,False,False,False
2026-08-08,Brand_Search,Brand_Expanded,21344,904,34,481.45,0.04235382308845577,0.5325774336283186,0.03761061946902655,False,False,False
2026-08-19,NonBrand_Prospecting,Prospecting_Competitor,6270,100,3,142.24,0.01594896331738437,1.4224,0.03,False,False,False
2026-08-11,Brand_Search,Brand_Expanded,15701,528,17,286.09,0.033628431310107634,0.5418371212121211,0.032196969696969696,False,False,False
2026-08-23,NonBrand_Prospecting,Prospecting_Generic,4426,111,4,122.77,0.02507907817442386,1.106036036036036,0.036036036036036036,False,False,False
2026-08-13,Remarketing_Dynamic,Remarketing_Purchasers,26781,676,25,712.09,0.02524177588588925,1.0533875739644971,0.03698224852071006,False,False,False
2026-07-29,Brand_Search,Brand_Expanded,21763,659,30,307.26,0.030280751734595414,0.46625189681335355,0.04552352048558422,False,False,False
2026-07-04,Remarketing_Dynamic,Remarketing_Purchasers,13609,371,9,394.57,0.0272613711514439,1.0635309973045821,0.02425876010781671,False,False,False
2026-07-07,Remarketing_Dynamic,Remarketing_Cart_Abandon,18818,626,55,665.540128821811,0.033266021893931345,1.0631631450827652,0.0878594249201278,True,False,False
2026-09-05,Remarketing_Dynamic,Remarketing_Cart_Abandon,32167,944,60,1030.71,0.029346846146672056,1.091853813559322,0.0635593220338983,False,False,False
2026-07-28,Remarketing_Dynamic,Remarketing_All_Visitors,16815,358,11,269.1,0.02129051442164734,0.7516759776536314,0.030726256983240222,False,False,False
2026-08-04,Legacy_Display,Display_Legacy_Placements,21580,172,2,395.6,0.007970342910101947,2.3000000000000003,0.011627906976744186,False,False,False
2026-07-14,NonBrand_Prospecting,Prospecting_Competitor,21695,344,8,550.47,0.015856188061765385,1.600203488372093,0.023255813953488372,False,False,False
2026-08-12,Remarketing_Dynamic,Remarketing_Purchasers,36841,1009,44,1120.54,0.02738796449607774,1.1105450941526263,0.04360753221010902,False,False,False
2026-07-10,NonBrand_Prospecting,Prospecting_Generic,14808,352,10,403.51,0.02377093462992977,1.1463352272727272,0.028409090909090908,False,False,False
2026-08-26,Remarketing_Dynamic,Remarketing_Cart_Abandon,5464,220,15,206.06,0.04026354319180088,0.9366363636363636,0.06818181818181818,False,False,False
2026-07-25,NonBrand_Prospecting,Prospecting_Generic,12015,302,9,337.65,0.02513524760715772,1.1180463576158939,0.029801324503311258,False,False,False
2026-09-03,NonBrand_Prospecting,Prospecting_Generic,9369,238,9,252.76,0.025402924538371223,1.062016806722689,0.037815126050420166,False,False,False
2026-08-31,NonBrand_Prospecting,Prospecting_Generic,39053,734,16,838.8,0.018794970936931863,1.1427792915531334,0.021798365122615803,False,False,False
2026-08-20,Brand_Search,Brand_Expanded,39154,1335,63,820.69,0.03409613321755121,0.614749063670412,0.04719101123595506,False,False,False
2026-07-31,Remarketing_Dynamic,Remarketing_Cart_Abandon,9475,316,24,337.63,0.033350923482849605,1.0684493670886075,0.0759493670886076,False,False,False
2026-07-12,NonBrand_Prospecting,Prospecting_Generic,14191,312,5,353.81,0.02198576562610105,1.1340064102564102,0.016025641025641024,False,False,False
2026-09-06,NonBrand_Prospecting,Prospecting_Competitor,15133,255,7,412.98,0.016850591422718563,1.6195294117647059,0.027450980392156862,False,False,False
2026-08-09,Remarketing_Dynamic,Remarketing_Purchasers,27273,797,29,861.32,0.029223041102922304,1.080702634880803,0.03638644918444166,False,False,False
2026-09-28,NonBrand_Prospecting,Prospecting_Competitor,29991,466,6,736.51,0.015537994731752859,1.5804935622317597,0.012875536480686695,False,False,False
2026-07-11,Remarketing_Dynamic,Remarketing_Purchasers,19402,577,22,417.79,0.029739202144108856,0.7240727902946275,0.038128249566724434,False,False,False
2026-07-10,Brand_Search,Brand_Expanded,35796,1314,52,610.81,0.03670801206838753,0.4648477929984779,0.0395738203957382,False,False,False
2026-07-11,Brand_Search,Brand_Expanded,5070,199,5,116.74,0.039250493096646945,0.5866331658291457,0.02512562814070352,False,False,False
2026-08-22,Remarketing_Dynamic,Remarketing_Cart_Abandon,18014,481,36,542.12,0.026701454424336628,1.1270686070686071,0.07484407484407485,False,False,False
2026-07-21,Brand_Search,Brand_Core,11834,528,18,227.71,0.04461720466452594,0.4312689393939394,0.03409090909090909,False,False,False
2026-08-23,Legacy_Display,Display_Legacy_Placements,24834,198,3,455.4,0.007972940323749698,2.3,0.015151515151515152,False,False,False
2026-08-12,Brand_Search,Brand_Expanded,35962,1183,49,347.24,0.03289583449196374,0.2935249366018597,0.04142011834319527,False,False,False
2026-09-02,Brand_Search,Brand_Expanded,0,328,8,224.7,0.0,0.6850609756097561,0.024390243902439025,False,False,False
2026-08-22,NonBrand_Prospecting,Prospecting_Generic,25814,735,24,835.23,0.028472921670411405,1.1363673469387756,0.0326530612244898,False,False,False
2026-09-02,Remarketing_Dynamic,Remarketing_All_Visitors,29253,853,25,929.15,0.029159402454449115,1.0892731535756155,0.029308323563892145,False,False,False
2026-08-05,NonBrand_Prospecting,Prospecting_Competitor,26556,0,3,351.08,0.0,,,False,False,False
2026-07-27,Remarketing_Dynamic,Remarketing_Cart_Abandon,17676,530,22,643.56,0.029984159312061553,1.214264150943396,0.04150943396226415,False,False,False
2026-07-08,Brand_Search,Brand_Expanded,27140,950,38,769.28,0.03500368459837878,0.8097684210526316,0.04,False,False,False
2026-08-07,Legacy_Display,Display_Legacy_Placements,28089,224,0,515.2,0.007974651999003168,2.3000000000000003,0.0,False,False,False
2026-07-26,NonBrand_Prospecting,Prospecting_Generic,21528,518,17,512.96,0.024061687105165368,0.9902702702702704,0.032818532818532815,False,False,False
2026-07-25,Remarketing_Dynamic,Remarketing_Cart_Abandon,35079,968,46,986.23,0.027594857322044527,1.018832644628099,0.047520661157024795,False,False,False
2026-08-22,Legacy_Display,Display_Legacy_Placements,0,356,0,818.8,0.0,2.3,0.0,False,False,False
2026-09-06,NonBrand_Prospecting,Prospecting_Generic,38956,909,32,916.65,0.02333401786631071,1.0084158415841584,0.0352035203520352,False,False,False
2026-09-14,Brand_Search,Brand_Expanded,35499,1298,61,916.57,0.03656441026507789,0.706140215716487,0.04699537750385208,False,False,False
2026-07-15,Remarketing_Dynamic,Remarketing_Purchasers,5919,222,8,196.05,0.03750633552965028,0.8831081081081081,0.036036036036036036,False,False,False
2026-07-05,NonBrand_Prospecting,Prospecting_Generic,23688,650,18,683.54,0.027440054035798717,1.0515999999999999,0.027692307692307693,False,False,False
2026-08-03,NonBrand_Prospecting,Prospecting_Competitor,12726,270,6,408.35,0.021216407355021217,1.5124074074074074,0.022222222222222223,False,False,False
2026-08-15,NonBrand_Prospecting,Prospecting_Competitor,31231,285,7,424.83,0.0091255483333867,1.4906315789473683,0.02456140350877193,False,False,False
2026-07-09,Remarketing_Dynamic,Remarketing_Cart_Abandon,22119,799,40,916.93,0.036122790361227904,1.1475969962453065,0.05006257822277847,False,False,False
2026-08-30,NonBrand_Prospecting,Prospecting_Generic,18351,438,15,510.62,0.0238679091057708,1.1657990867579908,0.03424657534246575,False,False,False
2026-07-27,Legacy_Display,Display_Legacy_Placements,35643,285,0,655.5,0.00799595993603232,2.3,0.0,False,False,False
2026-07-09,NonBrand_Prospecting,Prospecting_Generic,26963,480,14,581.02,0.01780217334866298,1.2104583333333332,0.029166666666666667,False,False,False
2026-07-28,Remarketing_Dynamic,Remarketing_Purchasers,7017,209,10,165.5,0.029784808322645004,0.7918660287081339,0.04784688995215311,False,False,False
2026-07-08,NonBrand_Prospecting,Prospecting_Competitor,9858,146,2,234.75,0.014810306350172449,1.6078767123287672,0.0136986301369863,False,False,False
2026-08-24,Remarketing_Dynamic,Remarketing_Purchasers,0,215,9,256.23,0.0,1.1917674418604651,0.04186046511627907,False,False,False
2026-07-03,Remarketing_Dynamic,Remarketing_All_Visitors,38089,1243,33,1171.87,0.032634093832865134,0.9427755430410297,0.02654867256637168,False,False,False
2026-08-09,Remarketing_Dynamic,Remarketing_All_Visitors,38150,1254,49,1181.2,0.03287024901703801,0.941945773524721,0.03907496012759171,False,False,False
2026-09-07,Brand_Search,Brand_Core,19471,821,36,409.37,0.04216527142930512,0.49862362971985386,0.0438489646772229,False,False,False
2026-09-21,Brand_Search,Brand_Expanded,11659,397,25,214.24,0.034050947765674584,0.539647355163728,0.06297229219143577,False,False,False
2026-08-24,Remarketing_Dynamic,Remarketing_All_Visitors,28517,821,29,794.64,0.028789844654065994,0.9678928136419,0.03532277710109622,False,False,False
2026-09-04,Remarketing_Dynamic,Remarketing_Cart_Abandon,16127,586,39,608.62,0.03633657840887952,1.0386006825938567,0.06655290102389079,False,False,False
2026-09-02,Legacy_Display,Display_Legacy_Placements,38837,310,1,713.0,0.007982078945335633,2.3,0.0032258064516129032,False,False,False
2026-08-29,Brand_Search,Brand_Core,4822,218,7,124.43,0.0452094566569888,0.5707798165137615,0.03211009174311927,False,False,False
2026-09-23,Remarketing_Dynamic,Remarketing_Purchasers,34185,995,57,975.21,0.029106333187070354,0.9801105527638191,0.05728643216080402,False,False,False
2026-07-18,Remarketing_Dynamic,Remarketing_Purchasers,18996,515,29,543.42,0.027110970730680143,1.0551844660194174,0.05631067961165048,False,False,False
2026-09-20,Legacy_Display,Display_Legacy_Placements,29236,233,1,535.9,0.00796962648789164,2.3,0.004291845493562232,False,False,False
2026-08-28,NonBrand_Prospecting,Prospecting_Competitor,29863,272,5,450.57,0.009108261058835347,1.6565073529411765,0.01838235294117647,False,False,False
2026-08-09,Legacy_Display,Display_Legacy_Placements,22380,179,0,411.7,0.007998212689901698,2.3,0.0,False,False,False
2026-07-12,Remarketing_Dynamic,Remarketing_Purchasers,14926,476,28,391.18,0.03189066059225513,0.8218067226890756,0.058823529411764705,False,False,False
2026-09-26,Brand_Search,Brand_Core,32635,1459,76,1072.89,0.04470660333997242,0.7353598355037698,0.0520904729266621,False,False,False
2026-07-17,Remarketing_Dynamic,Remarketing_Purchasers,28492,642,39,578.16,0.022532640741260705,0.9005607476635513,0.06074766355140187,False,False,False
2026-08-14,Remarketing_Dynamic,Remarketing_Cart_Abandon,37720,1039,69,1003.58,0.02754506892895016,0.9659095283926853,0.06641000962463908,False,False,False
2026-09-29,Legacy_Display,Display_Legacy_Placements,34727,277,0,637.1,0.007976502433265182,2.3000000000000003,0.0,False,False,False
2026-08-04,Remarketing_Dynamic,Remarketing_Cart_Abandon,27900,956,46,928.82,0.034265232974910395,0.9715690376569038,0.04811715481171548,False,False,False
2026-08-12,NonBrand_Prospecting,Prospecting_Generic,6826,161,1,189.7,0.02358628772341049,1.1782608695652173,0.006211180124223602,False,False,False
2026-09-27,Brand_Search,Brand_Expanded,9579,306,12,180.45,0.03194487942373943,0.5897058823529412,0.0392156862745098,False,False,False
2026-07-04,Brand_Search,Brand_Expanded,13288,481,15,224.46,0.03619807344972908,0.4666528066528067,0.031185031185031187,False,False,False
2026-09-26,NonBrand_Prospecting,Prospecting_Competitor,13815,119,0,181.54,0.0086138255519363,1.525546218487395,0.0,False,False,False
2026-09-17,NonBrand_Prospecting,Prospecting_Competitor,7310,171,2,277.61,0.023392612859097127,1.6234502923976608,0.011695906432748537,False,False,False
2026-07-25,NonBrand_Prospecting,Prospecting_Competitor,19739,247,5,378.99,0.012513298546025635,1.5343724696356276,0.020242914979757085,False,False,False
2026-07-29,NonBrand_Prospecting,Prospecting_Competitor,18761,156,3,249.48,0.008315121795213475,1.5992307692307692,0.019230769230769232,False,False,False
2026-09-17,Remarketing_Dynamic,Remarketing_Purchasers,17030,574,17,588.37,0.03370522607163828,1.025034843205575,0.029616724738675958,False,False,False
2026-09-13,Remarketing_Dynamic,Remarketing_Purchasers,5914,194,10,239.5,0.032803517078119716,1.2345360824742269,0.05154639175257732,False,False,False
2026-08-30,Remarketing_Dynamic,Remarketing_All_Visitors,11700,384,12,313.76,0.03282051282051282,0.8170833333333333,0.03125,False,False,False
2026-09-25,Remarketing_Dynamic,Remarketing_All_Visitors,38270,1006,34,1120.15,0.02628690880585315,1.1134691848906562,0.033797216699801194,False,False,False
2026-08-29,Brand_Search,Brand_Expanded,34574,1069,49,806.96,0.030919187829004453,0.7548737137511694,0.04583723105706267,False,False,False
2026-07-29,Brand_Search,Brand_Core,39618,1564,78,1037.74,0.039477005401585136,0.6635166240409207,0.049872122762148335,False,False,False
2026-07-24,NonBrand_Prospecting,Prospecting_Generic,32257,510,12,594.32,0.015810521747217657,1.1653333333333333,0.023529411764705882,False,False,False
2026-07-21,Brand_Search,Brand_Expanded,29823,1128,53,695.15,0.03782315662408208,0.6162677304964539,0.04698581560283688,False,False,False
2026-08-07,Brand_Search,Brand_Core,37633,1717,86,1009.83,0.04562485053011984,0.588136284216657,0.050087361677344205,False,False,False
2026-07-02,Legacy_Display,Display_Legacy_Placements,40716,325,1,747.5,0.007982120051085569,2.3,0.003076923076923077,False,False,False
2026-08-21,NonBrand_Prospecting,Prospecting_Competitor,38260,610,8,970.59,0.01594354417145844,1.5911311475409837,0.013114754098360656,False,False,False
2026-08-09,NonBrand_Prospecting,Prospecting_Competitor,19385,358,7,552.69,0.01846788754191385,1.5438268156424582,0.019553072625698324,False,False,False
2026-09-27,NonBrand_Prospecting,Prospecting_Generic,29288,394,13,457.72,0.01345260857689156,1.1617258883248731,0.03299492385786802,False,False,False
2026-08-24,Brand_Search,Brand_Expanded,12134,369,17,161.64,0.030410417010054393,0.4380487804878048,0.04607046070460705,False,False,False
2026-08-15,Legacy_Display,Display_Legacy_Placements,23811,190,0,437.0,0.007979505270673218,2.3,0.0,False,False,False
2026-07-07,Remarketing_Dynamic,Remarketing_Purchasers,19096,546,22,560.42,0.028592375366568914,1.0264102564102564,0.040293040293040296,False,False,False
2026-08-25,Legacy_Display,Display_Legacy_Placements,36573,292,1,671.6,0.007984031936127744,2.3000000000000003,0.003424657534246575,False,False,False
2026-08-08,Remarketing_Dynamic,Remarketing_Purchasers,16204,400,24,318.39,0.024685262898049863,0.795975,0.06,False,False,False
2026-08-18,Legacy_Display,Display_Legacy_Placements,30623,244,0,561.2,0.007967867289292363,2.3000000000000003,0.0,False,False,False
2026-09-16,Brand_Search,Brand_Expanded,6694,231,10,130.08,0.03450851508813863,0.5631168831168831,0.04329004329004329,False,False,False
2026-07-30,Remarketing_Dynamic,Remarketing_Cart_Abandon,13308,423,25,337.72,0.031785392245266005,0.7983924349881797,0.0591016548463357,False,False,False
2026-07-25,Legacy_Display,Display_Legacy_Placements,44774,358,0,823.4,0.00799571179702506,2.3,0.0,False,False,False
2026-09-08,NonBrand_Prospecting,Prospecting_Generic,4301,89,0,664.8303580608713,0.02069286212508719,7.470004023155857,0.0,False,False,False
2026-09-06,Remarketing_Dynamic,Remarketing_All_Visitors,14054,380,16,336.89,0.027038565532944356,0.8865526315789474,0.042105263157894736,False,False,False
2026-09-24,NonBrand_Prospecting,Prospecting_Competitor,34832,743,14,1120.19,0.02133096003674782,1.5076581426648723,0.018842530282637954,False,False,False
2026-08-15,NonBrand_Prospecting,Prospecting_Generic,9302,175,2,192.97,0.01881315846054612,1.1026857142857143,0.011428571428571429,False,False,False
2026-09-21,Legacy_Display,Display_Legacy_Placements,31698,253,1,581.9,0.007981576124676636,2.3,0.003952569169960474,False,False,False
2026-07-02,Brand_Search,Brand_Core,31636,1258,70,770.88,0.039764824883044635,0.6127821939586645,0.05564387917329094,False,False,False
2026-08-22,NonBrand_Prospecting,Prospecting_Competitor,18292,389,5,641.41,0.021266127268751368,1.6488688946015424,0.012853470437017995,False,False,False
2026-08-06,Legacy_Display,Display_Legacy_Placements,41004,328,0,754.4,0.007999219588332846,2.3,0.0,False,False,False
2026-09-15,Brand_Search,Brand_Expanded,21606,879,33,644.96,0.040683143571230214,0.7337428896473266,0.03754266211604096,False,False,False
2026-07-29,Remarketing_Dynamic,Remarketing_Purchasers,8065,197,14,196.83,0.024426534407935525,0.9991370558375635,0.07106598984771574,False,False,False
2026-07-17,NonBrand_Prospecting,Prospecting_Competitor,16313,234,5,342.06,0.01434438791148164,1.4617948717948719,0.021367521367521368,False,False,False
2026-08-17,Remarketing_Dynamic,Remarketing_All_Visitors,37872,1053,29,843.76,0.0278041825095057,0.8012915479582147,0.027540360873694207,False,False,False
2026-09-12,Remarketing_Dynamic,Remarketing_All_Visitors,14683,434,11,374.07921716796693,0.02955799223591909,0.8619336801105228,0.02534562211981567,True,False,False
2026-09-24,NonBrand_Prospecting,Prospecting_Generic,23358,406,10,475.51,0.017381625139138625,1.1712068965517242,0.024630541871921183,False,False,False
2026-08-26,NonBrand_Prospecting,Prospecting_Generic,37593,774,16,760.07,0.02058893943021307,0.9820025839793283,0.020671834625323,False,False,False
2026-08-20,NonBrand_Prospecting,Prospecting_Generic,34940,706,14,773.1,0.02020606754436176,1.095042492917847,0.019830028328611898,False,False,False
2026-07-31,Remarketing_Dynamic,Remarketing_All_Visitors,25158,621,24,502.36,0.024683997138087287,0.8089533011272142,0.03864734299516908,False,False,False
2026-07-24,Brand_Search,Brand_Core,38859,1600,79,905.75,0.041174502689209705,0.56609375,0.049375,False,False,False
2026-09-27,Remarketing_Dynamic,Remarketing_All_Visitors,24733,701,23,596.61,0.02834270003638863,0.8510841654778888,0.03281027104136947,False,False,False
2026-09-15,Legacy_Display,Display_Legacy_Placements,22422,179,0,411.7,0.007983230755507983,2.3,0.0,False,False,False
2026-09-12,NonBrand_Prospecting,Prospecting_Generic,9248,212,5,231.43,0.022923875432525952,1.0916509433962265,0.02358490566037736,False,False,False
2026-09-26,Remarketing_Dynamic,Remarketing_All_Visitors,27043,919,34,720.4,0.033982916096586914,0.7838955386289445,0.036996735582154515,False,False,False
2026-07-27,Brand_Search,Brand_Core,6503,266,11,164.37,0.04090419806243272,0.6179323308270677,0.041353383458646614,False,False,False
2026-09-12,Brand_Search,Brand_Expanded,8526,309,12,134.04,0.036242083040112595,0.4337864077669903,0.038834951456310676,False,False,False
2026-07-19,NonBrand_Prospecting,Prospecting_Generic,19382,367,15,372.17,0.018935094417500773,1.0140871934604905,0.04087193460490463,False,False,False
2026-07-20,Remarketing_Dynamic,Remarketing_Cart_Abandon,13488,447,27,520.42,0.03314056939501779,1.1642505592841161,0.06040268456375839,False,False,False
2026-08-11,Remarketing_Dynamic,Remarketing_Purchasers,38678,1187,64,1169.43,0.030689280728062464,0.9851979780960405,0.05391743892165122,False,False,False
2026-08-24,NonBrand_Prospecting,Prospecting_Competitor,0,501,8,828.92,0.0,1.6545309381237525,0.015968063872255488,False,False,False
2026-08-23,Remarketing_Dynamic,Remarketing_Purchasers,35497,0,62,1286.47,0.0,,,False,False,False
2026-08-08,NonBrand_Prospecting,Prospecting_Generic,27107,523,5,538.04,0.01929390932231527,1.0287571701720841,0.009560229445506692,False,False,False
2026-09-27,NonBrand_Prospecting,Prospecting_Competitor,38355,416,9,662.08,0.010846043540607482,1.5915384615384616,0.021634615384615384,False,False,False
2026-09-06,Brand_Search,Brand_Expanded,13107,365,16,196.27,0.02784771496147097,0.5377260273972603,0.043835616438356165,False,False,False
2026-08-08,Legacy_Display,Display_Legacy_Placements,36714,293,0,673.9,0.007980606852971618,2.3,0.0,False,False,False
2026-09-25,NonBrand_Prospecting,Prospecting_Generic,13243,361,8,409.02,0.027259684361549498,1.1330193905817174,0.0221606648199446,False,False,False
2026-08-20,Remarketing_Dynamic,Remarketing_All_Visitors,29422,610,17,547.13,0.020732784990823195,0.8969344262295081,0.027868852459016394,False,False,False
2026-07-24,Remarketing_Dynamic,Remarketing_Purchasers,0,708,36,558.96,0.0,0.7894915254237289,0.05084745762711865,False,False,False
2026-08-31,Remarketing_Dynamic,Remarketing_Purchasers,24428,757,29,783.74,0.030989028983134107,1.0353236459709378,0.03830911492734478,False,False,False
2026-09-29,Brand_Search,Brand_Core,0,717,35,353.5,0.0,0.4930264993026499,0.04881450488145049,False,False,False
2026-09-04,NonBrand_Prospecting,Prospecting_Competitor,7005,69,1,110.16,0.009850107066381156,1.5965217391304347,0.014492753623188406,False,False,False
2026-09-09,NonBrand_Prospecting,Prospecting_Generic,8490,210,8,236.37,0.024734982332155476,1.1255714285714287,0.0380952380952381,False,False,False
2026-08-25,Brand_Search,Brand_Expanded,37424,1391,68,738.94,0.03716866182129115,0.5312293314162474,0.04888569374550683,False,False,False
2026-09-17,Brand_Search,Brand_Expanded,15293,561,34,199.89,0.036683449944419015,0.35631016042780744,0.06060606060606061,False,False,False
2026-07-18,Legacy_Display,Display_Legacy_Placements,29899,239,0,4175.863399192444,0.007993578380547844,17.472231795784285,0.0,False,False,True
2026-09-11,Remarketing_Dynamic,Remarketing_All_Visitors,24736,775,26,750.68,0.03133085381630013,0.9686193548387096,0.03354838709677419,False,False,False
2026-07-20,NonBrand_Prospecting,Prospecting_Generic,26391,532,9,645.43,0.020158387329013677,1.2132142857142856,0.016917293233082706,False,False,False
2026-08-17,Brand_Search,Brand_Expanded,23800,809,47,521.97,0.03399159663865546,0.645203955500618,0.0580964153275649,False,False,False
2026-08-04,Remarketing_Dynamic,Remarketing_Purchasers,30597,972,40,976.46,0.03176782037454652,1.0045884773662552,0.0411522633744856,False,False,False
2026-07-11,NonBrand_Prospecting,Prospecting_Generic,9374,261,10,333.93,0.027842969916791124,1.2794252873563219,0.038314176245210725,False,False,False
2026-09-06,Remarketing_Dynamic,Remarketing_Purchasers,5161,157,9,142.11,0.03042046115093974,0.9051592356687899,0.05732484076433121,False,False,False
2026-08-20,Brand_Search,Brand_Core,7207,273,11,123.75,0.03787983904537255,0.4532967032967033,0.040293040293040296,False,False,False
2026-09-17,Remarketing_Dynamic,Remarketing_Cart_Abandon,4407,163,11,178.75,0.03698661220785115,1.0966257668711656,0.06748466257668712,False,False,False
2026-07-23,Legacy_Display,Display_Legacy_Placements,24717,197,0,453.1,0.007970222923493952,2.3000000000000003,0.0,False,False,False
2026-07-27,Remarketing_Dynamic,Remarketing_All_Visitors,8942,229,7,194.26,0.02560948333706106,0.848296943231441,0.03056768558951965,False,False,False
2026-08-05,NonBrand_Prospecting,Prospecting_Generic,4829,106,4,102.01,0.021950714433630152,0.9623584905660378,0.03773584905660377,False,False,False
2026-07-02,Remarketing_Dynamic,Remarketing_Cart_Abandon,7383,243,8,242.14,0.0329134498171475,0.9964609053497941,0.03292181069958848,False,False,False
2026-08-06,Remarketing_Dynamic,Remarketing_All_Visitors,8301,229,8,192.03,0.027587037706300447,0.8385589519650655,0.034934497816593885,False,False,False
2026-09-13,Brand_Search,Brand_Expanded,26844,942,42,507.02,0.035091640590075995,0.5382377919320595,0.044585987261146494,False,False,False
2026-08-27,Legacy_Display,Display_Legacy_Placements,28876,231,0,531.3,0.007999722953317634,2.3,0.0,False,False,False
2026-09-11,Brand_Search,Brand_Core,29685,1379,76,944.14,0.04645443826848577,0.6846555474981871,0.05511240029006526,False,False,False
2026-08-07,Remarketing_Dynamic,Remarketing_All_Visitors,16959,423,15,405.68,0.02494250840261808,0.9590543735224586,0.03546099290780142,False,False,False
2026-07-03,Legacy_Display,Display_Legacy_Placements,39772,318,0,731.4,0.007995574776224479,2.3,0.0,False,False,False
2026-08-25,Remarketing_Dynamic,Remarketing_Cart_Abandon,9887,364,25,427.27,0.036816021037726306,1.1738186813186813,0.06868131868131869,False,False,False
2026-07-09,Brand_Search,Brand_Core,15217,724,43,488.21,0.04757836630084774,0.6743232044198895,0.05939226519337017,False,False,False
2026-07-30,Legacy_Display,Display_Legacy_Placements,32337,258,0,593.4,0.007978476667594396,2.3,0.0,False,False,False
2026-08-14,NonBrand_Prospecting,Prospecting_Generic,37222,651,15,639.01,0.017489656654666594,0.9815821812596006,0.02304147465437788,False,False,False
2026-09-28,Remarketing_Dynamic,Remarketing_Purchasers,33335,971,44,890.5,0.02912854357282136,0.9170957775489187,0.04531410916580844,False,False,False
2026-08-06,NonBrand_Prospecting,Prospecting_Generic,33711,707,14,830.73,0.02097238290172347,1.175007072135785,0.019801980198019802,False,False,False
2026-09-26,NonBrand_Prospecting,Prospecting_Generic,11907,166,11,154.67,0.0139413790207441,0.9317469879518071,0.06626506024096386,False,False,False
2026-07-19,Brand_Search,Brand_Core,6927,278,9,180.34,0.040132813627833115,0.6487050359712231,0.03237410071942446,False,False,False
2026-09-01,Remarketing_Dynamic,Remarketing_Cart_Abandon,11638,359,19,336.57,0.030847224609039353,0.9375208913649025,0.052924791086350974,False,False,False
2026-08-24,Brand_Search,Brand_Core,19859,874,36,501.12,0.04401027242056498,0.5733638443935927,0.041189931350114416,False,False,False
2026-08-20,Remarketing_Dynamic,Remarketing_Purchasers,15567,471,22,444.55,0.030256311428020814,0.9438428874734608,0.04670912951167728,False,False,False
2026-07-20,Brand_Search,Brand_Core,6331,297,14,191.46,0.046912020217975046,0.6446464646464647,0.04713804713804714,False,False,False
2026-08-14,NonBrand_Prospecting,Prospecting_Competitor,35302,463,8,760.96,0.013115404226389439,1.6435421166306696,0.017278617710583154,False,False,False
2026-08-01,NonBrand_Prospecting,Prospecting_Generic,17595,387,6,492.22,0.021994884910485932,1.2718863049095608,0.015503875968992248,False,False,False
2026-08-03,NonBrand_Prospecting,Prospecting_Generic,9487,163,6,1518.826354538173,0.017181406134710656,9.317953095326216,0.03680981595092025,False,False,False
2026-07-01,NonBrand_Prospecting,Prospecting_Competitor,3197,27,1,43.27,0.008445417578980294,1.6025925925925928,0.037037037037037035,False,False,False
2026-08-16,Remarketing_Dynamic,Remarketing_Purchasers,13075,479,17,489.41,0.03663479923518165,1.021732776617954,0.03549060542797495,False,False,False
2026-07-06,NonBrand_Prospecting,Prospecting_Competitor,20738,222,2,353.98,0.010704986016009258,1.5945045045045045,0.009009009009009009,False,False,False
2026-09-08,Brand_Search,Brand_Expanded,35333,1290,53,875.57,0.03650977839413579,0.6787364341085271,0.04108527131782946,False,False,False
2026-08-28,Legacy_Display,Display_Legacy_Placements,40299,322,0,740.6,0.007990272711481675,2.3000000000000003,0.0,False,False,False
2026-07-23,Remarketing_Dynamic,Remarketing_Cart_Abandon,30583,1120,58,1095.14,0.036621652552071414,0.9778035714285715,0.05178571428571429,False,False,False
2026-07-28,Legacy_Display,Display_Legacy_Placements,25057,200,0,460.0,0.007981801492596878,2.3,0.0,False,False,False
2026-07-17,Legacy_Display,Display_Legacy_Placements,21461,171,0,393.3,0.007967941848003354,2.3000000000000003,0.0,False,False,False
2026-07-28,Brand_Search,Brand_Expanded,26449,964,47,297.88,0.036447502741124425,0.30900414937759335,0.0487551867219917,False,False,False
2026-09-14,Remarketing_Dynamic,Remarketing_All_Visitors,35834,1013,28,872.69,0.028269241502483673,0.8614906219151037,0.027640671273445213,False,False,False
2026-07-12,Brand_Search,Brand_Core,13668,630,35,417.77,0.046093064091308165,0.6631269841269841,0.05555555555555555,False,False,False
2026-09-21,Remarketing_Dynamic,Remarketing_All_Visitors,12427,379,15,334.72,0.03049810895630482,0.8831662269129288,0.0395778364116095,False,False,False
2026-08-17,Remarketing_Dynamic,Remarketing_Cart_Abandon,37695,1322,78,1505.62,0.03507096431887518,1.138895612708018,0.059001512859304085,False,False,False
2026-09-06,Legacy_Display,Display_Legacy_Placements,29168,233,0,535.9,0.007988206253428415,2.3,0.0,False,False,False
2026-07-05,Remarketing_Dynamic,Remarketing_Purchasers,5832,178,10,182.96,0.030521262002743483,1.0278651685393259,0.056179775280898875,False,False,False
2026-07-22,NonBrand_Prospecting,Prospecting_Generic,15436,325,7,305.73,0.021054677377558954,0.9407076923076924,0.021538461538461538,False,False,False
2026-07-22,Brand_Search,Brand_Core,14155,580,32,371.19,0.04097492052278347,0.6399827586206897,0.05517241379310345,False,False,False
2026-08-16,Legacy_Display,Display_Legacy_Placements,27154,217,0,499.1,0.007991456139058703,2.3000000000000003,0.0,False,False,False
2026-08-26,Legacy_Display,Display_Legacy_Placements,24501,196,0,450.8,0.007999673482714992,2.3000000000000003,0.0,False,False,False
2026-09-07,NonBrand_Prospecting,Prospecting_Competitor,37301,597,8,852.85,0.016004932843623497,1.4285594639865997,0.01340033500837521,False,False,False
2026-07-26,Remarketing_Dynamic,Remarketing_Purchasers,9370,355,16,338.9,0.037886872998932765,0.9546478873239436,0.04507042253521127,False,False,False
2026-07-06,Remarketing_Dynamic,Remarketing_Purchasers,28602,825,33,763.39,0.028844136773652194,0.9253212121212121,0.04,False,False,False
2026-08-30,NonBrand_Prospecting,Prospecting_Competitor,14228,169,4,247.09,0.011877987067753726,1.4620710059171598,0.023668639053254437,False,False,False
2026-07-22,Remarketing_Dynamic,Remarketing_Purchasers,33205,1014,50,1087.86,0.030537569643126036,1.0728402366863905,0.04930966469428008,False,False,False
2026-09-08,Remarketing_Dynamic,Remarketing_Purchasers,33936,851,35,804.15,0.025076614804337576,0.9449471210340775,0.041128084606345476,False,False,False
2026-07-29,NonBrand_Prospecting,Prospecting_Generic,11387,216,3,232.51,0.01896899973654167,1.0764351851851852,0.013888888888888888,False,False,False
2026-09-22,Remarketing_Dynamic,Remarketing_Cart_Abandon,25359,694,37,795.75,0.027367009740131707,1.146613832853026,0.053314121037463975,False,False,False
2026-08-07,NonBrand_Prospecting,Prospecting_Competitor,14705,210,2,357.92,0.014280856851411085,1.7043809523809526,0.009523809523809525,False,False,False
2026-08-17,NonBrand_Prospecting,Prospecting_Generic,35047,780,28,825.85,0.022255827888264332,1.0587820512820514,0.035897435897435895,False,False,False
2026-09-19,Remarketing_Dynamic,Remarketing_All_Visitors,24143,777,30,669.7224694458763,0.03218324151928095,0.861933680110523,0.03861003861003861,True,False,False
2026-08-21,Remarketing_Dynamic,Remarketing_Cart_Abandon,34193,1187,55,1492.86,0.03471470768870821,1.2576748104465036,0.04633529907329402,False,False,False
2026-09-30,Brand_Search,Brand_Core,6393,282,12,178.47,0.044110746128578134,0.6328723404255319,0.0425531914893617,False,False,False
2026-07-24,Remarketing_Dynamic,Remarketing_Cart_Abandon,11927,362,19,355.62,0.030351303764567787,0.9823756906077348,0.052486187845303865,False,False,False
2026-07-23,Remarketing_Dynamic,Remarketing_All_Visitors,10001,252,7,192.38,0.025197480251974803,0.7634126984126984,0.027777777777777776,False,False,False
2026-08-26,Brand_Search,Brand_Expanded,37516,1434,60,556.41,0.0382236912250773,0.3880125523012552,0.04184100418410042,False,False,False
2026-09-20,Brand_Search,Brand_Core,19365,692,31,418.96,0.03573457268267493,0.6054335260115606,0.044797687861271675,False,False,False
2026-07-28,NonBrand_Prospecting,Prospecting_Generic,14897,333,4,368.93,0.022353493992078942,1.107897897897898,0.012012012012012012,False,False,False
2026-08-24,Legacy_Display,Display_Legacy_Placements,37442,299,0,687.7,0.007985684525399285,2.3000000000000003,0.0,False,False,False
2026-07-11,Brand_Search,Brand_Core,36229,1756,79,1092.86,0.048469458168870244,0.6223576309794988,0.044988610478359906,False,False,False
2026-08-14,Remarketing_Dynamic,Remarketing_All_Visitors,10405,313,16,273.71,0.03008169149447381,0.8744728434504792,0.051118210862619806,False,False,False
2026-07-17,Brand_Search,Brand_Core,36953,1764,97,983.03,0.04773631369577572,0.5572732426303855,0.054988662131519275,False,False,False
2026-07-13,Remarketing_Dynamic,Remarketing_All_Visitors,14326,345,8,287.17,0.02408208851040067,0.832376811594203,0.02318840579710145,False,False,False
2026-09-03,Remarketing_Dynamic,Remarketing_Cart_Abandon,12398,397,21,422.0757685978578,0.03202129375705759,1.0631631450827652,0.05289672544080604,True,False,False
2026-08-06,NonBrand_Prospecting,Prospecting_Competitor,39115,486,3,788.84,0.012424900933145851,1.623127572016461,0.006172839506172839,False,False,False
2026-09-09,Remarketing_Dynamic,Remarketing_Purchasers,3496,112,6,103.8,0.032036613272311214,0.9267857142857142,0.05357142857142857,False,False,False
2026-08-14,Remarketing_Dynamic,Remarketing_Purchasers,21670,631,34,625.31,0.02911859713890171,0.9909825673534072,0.05388272583201268,False,False,False
2026-07-06,Brand_Search,Brand_Core,33622,1492,66,831.29,0.044375706382725595,0.5571648793565683,0.04423592493297587,False,False,False
2026-07-08,Brand_Search,Brand_Core,4620,219,6,156.12,0.047402597402597405,0.7128767123287671,0.0273972602739726,False,False,False
2026-07-27,NonBrand_Prospecting,Prospecting_Generic,17602,491,12,526.76,0.027894557436654924,1.0728309572301427,0.024439918533604887,False,False,False
2026-08-04,Brand_Search,Brand_Expanded,31845,1062,40,378.41,0.033349034385303816,0.35631826741996236,0.03766478342749529,False,False,False
2026-08-14,Brand_Search,Brand_Core,19051,894,41,493.12,0.04692667051598341,0.5515883668903803,0.04586129753914989,False,False,False
2026-09-21,NonBrand_Prospecting,Prospecting_Competitor,29305,532,9,903.31,0.018153898652107148,1.6979511278195487,0.016917293233082706,False,False,False
2026-07-10,Remarketing_Dynamic,Remarketing_Purchasers,35503,681,32,604.63,0.01918147762160944,0.887856093979442,0.04698972099853157,False,False,False
2026-09-16,Brand_Search,Brand_Core,37637,1822,78,1246.58,0.048409809495974704,0.6841822173435784,0.042810098792535674,False,False,False
2026-07-18,Remarketing_Dynamic,Remarketing_All_Visitors,21023,654,18,483.92,0.031108785615754173,0.7399388379204893,0.027522935779816515,False,False,False
2026-09-06,Brand_Search,Brand_Core,28707,1375,77,608.84,0.04789772529348243,0.4427927272727273,0.056,False,False,False
2026-08-13,Legacy_Display,Display_Legacy_Placements,33459,267,0,614.1,0.007979915717744104,2.3000000000000003,0.0,False,False,False
2026-08-27,NonBrand_Prospecting,Prospecting_Generic,16689,489,12,527.98,0.02930073701240338,1.0797137014314928,0.024539877300613498,False,False,False
2026-09-19,Remarketing_Dynamic,Remarketing_Cart_Abandon,32081,1153,75,1315.48,0.03594027617592968,1.1409193408499567,0.06504770164787511,False,False,False
2026-09-18,Brand_Search,Brand_Core,26571,1334,62,586.66,0.050205110835121,0.4397751124437781,0.046476761619190406,False,False,False
2026-07-12,Remarketing_Dynamic,Remarketing_All_Visitors,3318,112,1,93.07,0.03375527426160337,0.8309821428571428,0.008928571428571428,False,False,False
2026-07-29,Remarketing_Dynamic,Remarketing_All_Visitors,38757,1096,39,994.2,0.0282787625461207,0.9071167883211679,0.035583941605839414,False,False,False
2026-09-10,Legacy_Display,Display_Legacy_Placements,40001,320,1,736.0,0.007999800004999875,2.3,0.003125,False,False,False
2026-07-13,Remarketing_Dynamic,Remarketing_Purchasers,3765,114,3,105.39,0.030278884462151396,0.9244736842105263,0.02631578947368421,False,False,False
2026-09-11,Remarketing_Dynamic,Remarketing_Cart_Abandon,27966,812,45,730.96,0.0290352570979046,0.9001970443349754,0.05541871921182266,False,False,False
2026-08-10,Remarketing_Dynamic,Remarketing_Purchasers,13522,456,20,417.93,0.03372282206774146,0.9165131578947369,0.043859649122807015,False,False,False
2026-09-25,Brand_Search,Brand_Expanded,30373,876,40,515.94,0.02884140519540381,0.5889726027397261,0.045662100456621,False,False,False
2026-08-22,Brand_Search,Brand_Core,20590,954,44,737.32,0.04633317144244779,0.7728721174004194,0.04612159329140461,False,False,False
2026-09-22,Legacy_Display,Display_Legacy_Placements,33503,268,1,616.4,0.007999283646240635,2.3,0.0037313432835820895,False,False,False
2026-08-02,Brand_Search,Brand_Core,14680,632,35,375.8,0.04305177111716621,0.594620253164557,0.055379746835443035,False,False,False
2026-09-12,Brand_Search,Brand_Core,6245,307,19,191.35,0.049159327461969576,0.6232899022801303,0.06188925081433225,False,False,False
2026-09-14,Brand_Search,Brand_Core,16475,671,38,394.21,0.04072837632776935,0.5874962742175857,0.05663189269746647,False,False,False
2026-09-26,Brand_Search,Brand_Expanded,13953,576,16,280.96,0.04128144485056977,0.48777777777777775,0.027777777777777776,False,False,False
2026-08-15,Brand_Search,Brand_Core,7578,357,20,261.95,0.047110055423594616,0.7337535014005602,0.056022408963585436,False,False,False
2026-07-09,Remarketing_Dynamic,Remarketing_Purchasers,35278,1117,51,1153.38,0.03166279267532173,1.0325693822739481,0.045658012533572066,False,False,False
2026-09-20,Remarketing_Dynamic,Remarketing_Cart_Abandon,25815,0,50,820.95,0.0,,,False,False,False
2026-09-28,Remarketing_Dynamic,Remarketing_Cart_Abandon,7295,229,16,280.38,0.03139136394790953,1.224366812227074,0.06986899563318777,False,False,False
2026-09-05,Brand_Search,Brand_Expanded,9747,312,10,132.59,0.03200984918436442,0.42496794871794874,0.03205128205128205,False,False,False
2026-09-06,Remarketing_Dynamic,Remarketing_Cart_Abandon,32889,983,59,1294.78,0.029888412539146827,1.3171719226856562,0.06002034587995931,False,False,False
2026-07-15,Remarketing_Dynamic,Remarketing_All_Visitors,20310,472,17,298.0,0.023239783357951748,0.6313559322033898,0.036016949152542374,False,False,False
2026-07-16,NonBrand_Prospecting,Prospecting_Generic,28951,757,18,922.6,0.026147628752029292,1.2187582562747687,0.023778071334214,False,False,False
2026-09-02,NonBrand_Prospecting,Prospecting_Competitor,9025,154,0,243.38,0.01706371191135734,1.5803896103896105,0.0,False,False,False
2026-07-02,NonBrand_Prospecting,Prospecting_Generic,19078,545,14,616.37,0.02856693573749869,1.130954128440367,0.025688073394495414,False,False,False
2026-07-15,Brand_Search,Brand_Core,23918,1144,50,777.16,0.047830086127602645,0.6793356643356643,0.043706293706293704,False,False,False
2026-07-21,Remarketing_Dynamic,Remarketing_Purchasers,24144,617,26,590.19,0.025555003313452618,0.9565478119935171,0.04213938411669368,False,False,False
2026-09-25,Remarketing_Dynamic,Remarketing_Cart_Abandon,16842,370,25,387.06,0.02196888730554566,1.046108108108108,0.06756756756756757,False,False,False
2026-08-28,Remarketing_Dynamic,Remarketing_All_Visitors,5440,137,4,137.51,0.025183823529411765,1.0037226277372262,0.029197080291970802,False,False,False
2026-09-14,Remarketing_Dynamic,Remarketing_Purchasers,13353,550,24,502.33,0.04118924586235303,0.9133272727272727,0.04363636363636364,False,False,False
2026-08-16,Brand_Search,Brand_Expanded,9334,382,24,192.57,0.040925648167988,0.5041099476439791,0.06282722513089005,False,False,False
2026-07-30,Remarketing_Dynamic,Remarketing_All_Visitors,37162,1162,36,1290.24,0.031268500080727624,1.1103614457831326,0.03098106712564544,False,False,False
2026-07-04,NonBrand_Prospecting,Prospecting_Generic,12367,91,2,84.42,0.007358292229319965,0.9276923076923077,0.02197802197802198,False,False,False
2026-08-23,Remarketing_Dynamic,Remarketing_All_Visitors,18857,383,10,365.32,0.02031075992999947,0.9538381201044386,0.02610966057441253,False,False,False
2026-08-25,Remarketing_Dynamic,Remarketing_All_Visitors,17672,480,18,447.7,0.027161611588954276,0.9327083333333334,0.0375,False,False,False
2026-09-22,NonBrand_Prospecting,Prospecting_Competitor,18876,289,3,439.45,0.015310447128628947,1.5205882352941176,0.010380622837370242,False,False,False
2026-07-08,Remarketing_Dynamic,Remarketing_Purchasers,25941,804,37,778.08,0.030993408118422574,0.9677611940298508,0.046019900497512436,False,False,False
2026-08-11,Legacy_Display,Display_Legacy_Placements,24508,196,1,450.8,0.007997388607801534,2.3000000000000003,0.00510204081632653,False,False,False
2026-07-05,Brand_Search,Brand_Core,34756,1557,74,905.42,0.04479802048567154,0.5815157353885677,0.047527296082209375,False,False,False
2026-08-31,Remarketing_Dynamic,Remarketing_All_Visitors,0,1013,33,920.68,0.0,0.9088647581441263,0.03257650542941757,False,False,False
2026-09-10,Brand_Search,Brand_Core,20241,743,29,401.88,0.036707672545822835,0.5408882907133243,0.039030955585464336,False,False,False
2026-09-28,Brand_Search,Brand_Expanded,34319,1336,63,889.44,0.03892887321891664,0.665748502994012,0.04715568862275449,False,False,False
2026-08-04,Brand_Search,Brand_Core,8226,440,27,227.86,0.05348893751519572,0.5178636363636364,0.06136363636363636,False,False,False
2026-09-20,Brand_Search,Brand_Expanded,10477,378,15,169.8,0.03607903025675289,0.4492063492063492,0.03968253968253968,False,False,False
2026-09-03,NonBrand_Prospecting,Prospecting_Competitor,37956,269,1,423.36,0.007087153546211403,1.573828996282528,0.0037174721189591076,False,False,False
2026-07-27,NonBrand_Prospecting,Prospecting_Competitor,0,451,12,848.31,0.0,1.8809534368070953,0.026607538802660754,False,False,False
2026-07-13,NonBrand_Prospecting,Prospecting_Generic,9009,138,2,137.38,0.015318015318015318,0.9955072463768115,0.014492753623188406,False,False,False
2026-07-30,Remarketing_Dynamic,Remarketing_Purchasers,15210,425,25,441.55,0.027942143326758713,1.0389411764705883,0.058823529411764705,False,False,False
2026-09-18,NonBrand_Prospecting,Prospecting_Competitor,27188,409,4,649.42,0.015043401500662057,1.5878239608801954,0.009779951100244499,False,False,False
2026-08-02,NonBrand_Prospecting,Prospecting_Competitor,28242,371,9,618.25,0.013136463423270307,1.6664420485175202,0.02425876010781671,False,False,False
2026-09-18,Remarketing_Dynamic,Remarketing_Purchasers,32758,1037,43,1041.78,0.03165638927895476,1.004609450337512,0.041465766634522665,False,False,False
2026-09-11,Brand_Search,Brand_Expanded,20345,619,20,310.66,0.030425165888424675,0.5018739903069467,0.03231017770597738,False,False,False
2026-08-22,Remarketing_Dynamic,Remarketing_All_Visitors,9840,237,18,231.46,0.024085365853658537,0.9766244725738397,0.0759493670886076,False,False,False
2026-09-23,Legacy_Display,Display_Legacy_Placements,36793,294,0,676.2,0.007990650395455658,2.3000000000000003,0.0,False,False,False
2026-09-04,NonBrand_Prospecting,Prospecting_Generic,38843,911,23,1052.76,0.02345338928507067,1.155609220636663,0.025246981339187707,False,False,False
2026-08-26,Remarketing_Dynamic,Remarketing_All_Visitors,14166,362,12,293.5,0.02555414372441056,0.8107734806629834,0.03314917127071823,False,False,False
2026-09-05,Remarketing_Dynamic,Remarketing_Purchasers,32719,891,37,853.55,0.027231883615024908,0.9579685746352412,0.04152637485970819,False,False,False
2026-07-26,NonBrand_Prospecting,Prospecting_Competitor,28489,435,5,644.84,0.015269051212748781,1.4823908045977012,0.011494252873563218,False,False,False
2026-09-22,Brand_Search,Brand_Expanded,12340,446,18,300.82,0.03614262560777958,0.6744843049327354,0.04035874439461883,False,False,False
2026-08-09,Brand_Search,Brand_Expanded,36866,1376,54,800.75,0.03732436391254815,0.5819404069767442,0.03924418604651163,False,False,False
2026-09-09,Brand_Search,Brand_Core,20609,952,54,578.06,0.04619341064583434,0.6072058823529412,0.05672268907563025,False,False,False
2026-09-21,Remarketing_Dynamic,Remarketing_Cart_Abandon,23361,852,60,910.43,0.036471041479388726,1.0685798122065726,0.07042253521126761,False,False,False
2026-07-21,Legacy_Display,Display_Legacy_Placements,0,227,0,522.1,0.0,2.3000000000000003,0.0,False,False,False
2026-08-29,NonBrand_Prospecting,Prospecting_Competitor,34802,466,6,750.9,0.013390035055456584,1.61137339055794,0.012875536480686695,False,False,False
2026-08-08,Remarketing_Dynamic,Remarketing_All_Visitors,31057,801,27,779.52,0.02579128698844061,0.973183520599251,0.033707865168539325,False,False,False
2026-09-24,Remarketing_Dynamic,Remarketing_Purchasers,27542,734,26,708.98,0.026650206956648027,0.9659128065395096,0.035422343324250684,False,False,False
2026-08-03,Legacy_Display,Display_Legacy_Placements,21795,174,0,400.2,0.007983482450103234,2.3,0.0,False,False,False
2026-08-07,NonBrand_Prospecting,Prospecting_Generic,20615,352,5,354.59,0.017074945428086345,1.0073579545454545,0.014204545454545454,False,False,False
2026-09-18,Brand_Search,Brand_Expanded,9026,263,15,143.11,0.02913804564591181,0.5441444866920152,0.057034220532319393,False,False,False
2026-07-31,Brand_Search,Brand_Core,8957,326,14,204.33,0.036396114770570503,0.6267791411042946,0.04294478527607362,False,False,False
2026-07-04,Remarketing_Dynamic,Remarketing_Cart_Abandon,15175,493,31,608.47,0.032487644151565076,1.2342190669371198,0.06288032454361055,False,False,False
2026-09-16,Legacy_Display,Display_Legacy_Placements,20726,165,0,379.5,0.007961015150053074,2.3,0.0,False,False,False
2026-08-22,Brand_Search,Brand_Expanded,23392,723,26,390.7,0.030908002735978112,0.540387275242047,0.035961272475795295,False,False,False
2026-08-28,Brand_Search,Brand_Core,13444,545,32,391.92,0.04053853019934543,0.719119266055046,0.05871559633027523,False,False,False
2026-08-24,Remarketing_Dynamic,Remarketing_Cart_Abandon,17647,504,45,540.76,0.028560095200317333,1.0729365079365079,0.08928571428571429,False,False,False
2026-09-13,Brand_Search,Brand_Core,32423,1439,62,841.45,0.044382074453320174,0.5847463516330785,0.043085476025017375,False,False,False
2026-07-12,Remarketing_Dynamic,Remarketing_Cart_Abandon,24822,694,43,764.1,0.027959068568205625,1.1010086455331412,0.06195965417867435,False,False,False
2026-07-25,Brand_Search,Brand_Expanded,17485,674,26,420.54,0.03854732627966829,0.623946587537092,0.03857566765578635,False,False,False
2026-08-26,Remarketing_Dynamic,Remarketing_Purchasers,6242,208,15,222.39,0.033322652995834666,1.0691826923076921,0.07211538461538461,False,False,False
2026-09-14,NonBrand_Prospecting,Prospecting_Generic,24939,489,16,521.98,0.0196078431372549,1.0674437627811861,0.032719836400818,False,False,False
2026-09-14,Legacy_Display,Display_Legacy_Placements,29821,238,0,547.4,0.007980953019684114,2.3,0.0,False,False,False
2026-09-02,Remarketing_Dynamic,Remarketing_Cart_Abandon,5315,186,7,231.98,0.034995296331138286,1.2472043010752687,0.03763440860215054,False,False,False
2026-07-10,Remarketing_Dynamic,Remarketing_Cart_Abandon,22735,874,56,938.97,0.03844292940400264,1.0743363844393592,0.06407322654462243,False,False,False
2026-09-17,Legacy_Display,Display_Legacy_Placements,30884,247,0,568.1,0.007997668695764798,2.3000000000000003,0.0,False,False,False
2026-07-22,Remarketing_Dynamic,Remarketing_All_Visitors,22959,583,23,529.87,0.025393092033625157,0.9088679245283019,0.03945111492281304,False,False,False
2026-09-04,Brand_Search,Brand_Expanded,28644,1031,42,571.61,0.03599357631615696,0.5544228903976722,0.040737148399612025,False,False,False
2026-09-24,Brand_Search,Brand_Core,36693,1460,83,659.6,0.039789605646853625,0.4517808219178082,0.05684931506849315,False,False,False
2026-08-07,Brand_Search,Brand_Expanded,29552,1017,42,547.3878343949044,0.03441391445587439,0.5382377919320595,0.04129793510324484,True,False,False
2026-07-17,NonBrand_Prospecting,Prospecting_Generic,23145,460,13,505.94,0.019874702959602506,1.0998695652173913,0.02826086956521739,False,False,False
2026-07-23,Brand_Search,Brand_Expanded,14284,440,18,187.24,0.03080369644357323,0.42554545454545456,0.04090909090909091,False,False,False
2026-09-30,Remarketing_Dynamic,Remarketing_Purchasers,27437,803,37,700.64,0.029267048146663265,0.8725280199252802,0.0460772104607721,False,False,False
2026-08-12,NonBrand_Prospecting,Prospecting_Competitor,34996,307,5,505.11,0.008772431134986856,1.6453094462540716,0.016286644951140065,False,False,False
2026-07-25,Brand_Search,Brand_Core,29699,1364,78,737.36,0.04592747230546483,0.5405865102639297,0.05718475073313783,False,False,False
2026-08-29,NonBrand_Prospecting,Prospecting_Generic,28534,712,17,649.49,0.024952688021307914,0.9122050561797753,0.023876404494382022,False,False,False
2026-07-07,Remarketing_Dynamic,Remarketing_All_Visitors,36989,993,32,884.26,0.02684581902727838,0.8904934541792547,0.032225579053373615,False,False,False
2026-08-10,Brand_Search,Brand_Core,13378,636,32,356.5,0.047540738525938105,0.5605345911949685,0.050314465408805034,False,False,False
2026-09-01,Remarketing_Dynamic,Remarketing_Purchasers,4003,116,5,132.42,0.028978266300274794,1.141551724137931,0.04310344827586207,False,False,False
2026-07-14,Brand_Search,Brand_Core,19979,976,55,421.35,0.04885129385855148,0.43171106557377054,0.05635245901639344,False,False,False
2026-09-03,Remarketing_Dynamic,Remarketing_All_Visitors,33609,1114,39,854.79,0.033145883543098574,0.7673159784560143,0.03500897666068223,False,False,False
2026-09-07,NonBrand_Prospecting,Prospecting_Generic,6210,148,5,135.11,0.02383252818035427,0.9129054054054055,0.033783783783783786,False,False,False
2026-09-22,Remarketing_Dynamic,Remarketing_Purchasers,38258,1121,45,878.91,0.029301061215954834,0.7840410347903657,0.04014272970561998,False,False,False
2026-07-11,Remarketing_Dynamic,Remarketing_Cart_Abandon,9263,329,18,319.68,0.03551765086904891,0.9716717325227964,0.0547112462006079,False,False,False
2026-08-20,NonBrand_Prospecting,Prospecting_Competitor,32635,452,5,696.71,0.013850160870231347,1.5413938053097347,0.011061946902654867,False,False,False
2026-08-28,Remarketing_Dynamic,Remarketing_Purchasers,29725,919,36,749.35,0.030916736753574432,0.8153971708378672,0.03917301414581066,False,False,False
2026-08-03,Brand_Search,Brand_Core,7017,343,13,1420.8439930422592,0.048881288299843235,4.142402312076557,0.037900874635568516,False,False,False
2026-09-23,NonBrand_Prospecting,Prospecting_Competitor,8762,141,1,232.44,0.016092216388952293,1.6485106382978723,0.0070921985815602835,False,False,False
2026-09-27,Remarketing_Dynamic,Remarketing_Cart_Abandon,0,638,38,731.22,0.0,1.1461128526645767,0.05956112852664577,False,False,False
2026-08-15,Remarketing_Dynamic,Remarketing_Cart_Abandon,38268,1350,85,1251.52,0.03527751646284102,0.9270518518518518,0.06296296296296296,False,True,False
2026-08-31,NonBrand_Prospecting,Prospecting_Competitor,29519,533,10,787.52,0.01805616721433653,1.4775234521575984,0.01876172607879925,False,False,False
2026-08-03,Remarketing_Dynamic,Remarketing_Cart_Abandon,11513,427,24,446.07,0.03708850864240424,1.0446604215456674,0.05620608899297424,False,False,False
2026-07-16,Remarketing_Dynamic,Remarketing_Cart_Abandon,9239,347,21,364.28,0.03755817729191471,1.0497982708933717,0.06051873198847262,False,False,False
2026-08-12,Brand_Search,Brand_Core,38864,1741,89,897.79,0.0447972416632359,0.5156748994830557,0.0511200459506031,False,False,False
2026-08-04,NonBrand_Prospecting,Prospecting_Generic,22629,393,11,357.31,0.01736709532016439,0.9091857506361323,0.027989821882951654,False,False,False
2026-07-20,Remarketing_Dynamic,Remarketing_All_Visitors,6586,185,12,155.65,0.028089887640449437,0.8413513513513514,0.06486486486486487,False,False,False
2026-09-01,Remarketing_Dynamic,Remarketing_All_Visitors,23703,800,23,667.49,0.03375100198287136,0.8343625,0.02875,False,False,False
2026-07-01,Brand_Search,Brand_Expanded,22889,770,24,509.32,0.03364061339508061,0.6614545454545454,0.03116883116883117,False,False,False
2026-09-24,Legacy_Display,Display_Legacy_Placements,24453,195,1,448.5,0.007974481658692184,2.3,0.005128205128205128,False,False,False
2026-07-23,Brand_Search,Brand_Core,31276,1362,67,917.65,0.04354776825681033,0.6737518355359765,0.04919236417033774,False,False,False
2026-09-16,Remarketing_Dynamic,Remarketing_All_Visitors,6822,175,9,142.26,0.025652301377895044,0.8129142857142857,0.05142857142857143,False,False,False
2026-09-16,Remarketing_Dynamic,Remarketing_Cart_Abandon,6894,212,14,223.47,0.03075137800986365,1.0541037735849057,0.0660377358490566,False,False,False
2026-08-27,Remarketing_Dynamic,Remarketing_Purchasers,12030,354,21,330.23,0.02942643391521197,0.9328531073446328,0.059322033898305086,False,False,False
2026-07-26,Remarketing_Dynamic,Remarketing_Cart_Abandon,23831,714,48,554.1,0.029960975200369267,0.7760504201680672,0.06722689075630252,False,False,False
2026-08-21,Legacy_Display,Display_Legacy_Placements,31319,250,1,575.0,0.007982374916185064,2.3,0.004,False,False,False
2026-09-16,NonBrand_Prospecting,Prospecting_Generic,31925,930,21,1056.23,0.02913077525450274,1.1357311827956988,0.02258064516129032,False,False,False
2026-09-10,Remarketing_Dynamic,Remarketing_Cart_Abandon,14097,467,24,526.63,0.03312761580478116,1.1276873661670235,0.05139186295503212,False,False,False
2026-09-30,Remarketing_Dynamic,Remarketing_All_Visitors,6857,168,3,144.63,0.02450051042730057,0.8608928571428571,0.017857142857142856,False,False,False
2026-07-19,Remarketing_Dynamic,Remarketing_All_Visitors,34000,903,21,547.29,0.026558823529411763,0.6060797342192691,0.023255813953488372,False,False,False
2026-09-09,Legacy_Display,Display_Legacy_Placements,30610,244,2,561.2,0.00797125122508984,2.3000000000000003,0.00819672131147541,False,False,False
2026-08-16,NonBrand_Prospecting,Prospecting_Competitor,38889,315,7,491.29,0.00809997685720898,1.5596507936507937,0.022222222222222223,False,False,False
2026-09-22,NonBrand_Prospecting,Prospecting_Generic,31140,725,16,810.46,0.02328195247270392,1.1178758620689655,0.022068965517241378,False,False,False
2026-08-15,Brand_Search,Brand_Expanded,35349,1414,63,703.98,0.04000113157373617,0.4978642149929279,0.04455445544554455,False,False,False
2026-09-26,Legacy_Display,Display_Legacy_Placements,24661,197,0,453.1,0.007988321641458173,2.3000000000000003,0.0,False,False,False
2026-09-14,Remarketing_Dynamic,Remarketing_Cart_Abandon,38508,1182,72,1378.63,0.030694920535992522,1.1663536379018613,0.06091370558375635,False,False,False
2026-08-19,Remarketing_Dynamic,Remarketing_All_Visitors,11604,307,11,196.5,0.026456394346776973,0.6400651465798045,0.035830618892508145,False,False,False
2026-09-30,NonBrand_Prospecting,Prospecting_Competitor,5478,70,1,98.11,0.012778386272362175,1.4015714285714285,0.014285714285714285,False,False,False
2026-08-25,Brand_Search,Brand_Core,7273,341,16,239.13,0.04688574178468308,0.7012609970674487,0.0469208211143695,False,False,False
2026-07-18,Brand_Search,Brand_Core,13862,606,24,391.28,0.0437166354061463,0.6456765676567656,0.039603960396039604,False,False,False
2026-09-08,NonBrand_Prospecting,Prospecting_Competitor,39787,675,8,1141.51,0.016965340437831454,1.691125925925926,0.011851851851851851,False,False,False
2026-07-28,Remarketing_Dynamic,Remarketing_Cart_Abandon,31653,1007,67,1044.05,0.03181373013616403,1.0367924528301886,0.06653426017874876,False,False,False
2026-08-02,Remarketing_Dynamic,Remarketing_All_Visitors,14734,403,15,294.64,0.027351703542826115,0.7311166253101736,0.03722084367245657,False,False,False
2026-07-04,Remarketing_Dynamic,Remarketing_All_Visitors,13658,355,9,270.15,0.025992092546492897,0.7609859154929577,0.02535211267605634,False,False,False
2026-09-13,Remarketing_Dynamic,Remarketing_Cart_Abandon,37716,1048,68,1078.76,0.0277866157598897,1.0293511450381678,0.0648854961832061,False,False,False
2026-09-01,NonBrand_Prospecting,Prospecting_Generic,17382,421,6,408.71,0.024220457945000575,0.9708076009501188,0.014251781472684086,False,False,False
2026-08-14,Legacy_Display,Display_Legacy_Placements,39936,319,0,733.7,0.007987780448717948,2.3000000000000003,0.0,False,False,False
2026-07-01,Remarketing_Dynamic,Remarketing_Purchasers,16770,540,30,481.52,0.03220035778175313,0.8917037037037037,0.05555555555555555,False,False,False
2026-08-09,Remarketing_Dynamic,Remarketing_Cart_Abandon,18158,689,51,770.83,0.03794470756691266,1.1187663280116111,0.07402031930333818,False,False,False
2026-07-26,Legacy_Display,Display_Legacy_Placements,33047,264,0,607.2,0.007988622265258571,2.3000000000000003,0.0,False,False,False
2026-07-13,Brand_Search,Brand_Core,23558,999,40,571.91,0.04240597673826301,0.5724824824824825,0.04004004004004004,False,False,False
2026-09-19,Brand_Search,Brand_Core,14669,685,39,446.91,0.046697116367850566,0.6524233576642336,0.05693430656934306,False,False,False
